-- MySQL dump 10.13  Distrib 8.0.43, for Win64 (x86_64)
--
-- Host: localhost    Database: elscribe
-- ------------------------------------------------------
-- Server version	8.0.43

/*!40101 SET @OLD_CHARACTER_SET_CLIENT=@@CHARACTER_SET_CLIENT */;
/*!40101 SET @OLD_CHARACTER_SET_RESULTS=@@CHARACTER_SET_RESULTS */;
/*!40101 SET @OLD_COLLATION_CONNECTION=@@COLLATION_CONNECTION */;
/*!50503 SET NAMES utf8 */;
/*!40103 SET @OLD_TIME_ZONE=@@TIME_ZONE */;
/*!40103 SET TIME_ZONE='+00:00' */;
/*!40014 SET @OLD_UNIQUE_CHECKS=@@UNIQUE_CHECKS, UNIQUE_CHECKS=0 */;
/*!40014 SET @OLD_FOREIGN_KEY_CHECKS=@@FOREIGN_KEY_CHECKS, FOREIGN_KEY_CHECKS=0 */;
/*!40101 SET @OLD_SQL_MODE=@@SQL_MODE, SQL_MODE='NO_AUTO_VALUE_ON_ZERO' */;
/*!40111 SET @OLD_SQL_NOTES=@@SQL_NOTES, SQL_NOTES=0 */;

--
-- Table structure for table `account_invites`
--

DROP TABLE IF EXISTS `account_invites`;
/*!40101 SET @saved_cs_client     = @@character_set_client */;
/*!50503 SET character_set_client = utf8mb4 */;
CREATE TABLE `account_invites` (
  `id` char(36) COLLATE utf8mb4_unicode_ci NOT NULL,
  `account_id` char(36) COLLATE utf8mb4_unicode_ci NOT NULL,
  `email` varchar(255) COLLATE utf8mb4_unicode_ci NOT NULL,
  `token` varchar(255) COLLATE utf8mb4_unicode_ci NOT NULL,
  `expires_at` datetime NOT NULL,
  `invited_by_user_id` char(36) COLLATE utf8mb4_unicode_ci NOT NULL,
  `status` varchar(20) COLLATE utf8mb4_unicode_ci NOT NULL DEFAULT 'pending',
  `created_at` timestamp NOT NULL DEFAULT CURRENT_TIMESTAMP,
  `updated_at` timestamp NOT NULL DEFAULT CURRENT_TIMESTAMP ON UPDATE CURRENT_TIMESTAMP,
  PRIMARY KEY (`id`),
  UNIQUE KEY `uq_invites_token` (`token`),
  KEY `idx_invites_account` (`account_id`),
  KEY `idx_invites_email` (`email`),
  KEY `fk_invites_inviter` (`invited_by_user_id`),
  CONSTRAINT `fk_invites_account` FOREIGN KEY (`account_id`) REFERENCES `accounts` (`id`) ON DELETE CASCADE,
  CONSTRAINT `fk_invites_inviter` FOREIGN KEY (`invited_by_user_id`) REFERENCES `users` (`id`) ON DELETE RESTRICT
) ENGINE=InnoDB DEFAULT CHARSET=utf8mb4 COLLATE=utf8mb4_unicode_ci;
/*!40101 SET character_set_client = @saved_cs_client */;

--
-- Dumping data for table `account_invites`
--

LOCK TABLES `account_invites` WRITE;
/*!40000 ALTER TABLE `account_invites` DISABLE KEYS */;
INSERT INTO `account_invites` VALUES ('10590016-1d08-4811-ae39-398562ddcd82','47bf0ed4-c630-4fec-88e9-d5aa94836b98','demo4.user@example.com','e4e7ece0-d42a-4d65-be8b-18124fe2f474.bcd2f01c97b316894153eaf8b6f5fedd','2026-03-23 10:07:48','2533e2bd-c8d2-40b6-9635-ddf222d4d207','accepted','2026-03-16 10:07:47','2026-03-16 10:08:22'),('1bf0732e-ebce-41ee-aa78-b3dae388e914','4d45bfbd-2584-4280-aef1-97036bc4139e','derin1@gmail.com','1def5084-8240-42e1-86d2-e0913cf3ded2.395027c5ff796857e0fb7fbd6016d085','2026-02-19 05:25:05','fab5d923-a0b6-4106-ab95-495aedf840fd','accepted','2026-02-12 05:25:05','2026-02-12 05:30:00'),('3c1cd983-f228-4064-b743-01348b4c3969','47bf0ed4-c630-4fec-88e9-d5aa94836b98','demo3.user@example.com','83f0bb1b-a432-4767-88df-c62b344200e1.2df3afa32d99d71f39a220e1359d1c81','2026-03-23 09:21:19','2533e2bd-c8d2-40b6-9635-ddf222d4d207','accepted','2026-03-16 09:21:19','2026-03-16 09:21:39'),('4e5c9fbf-0131-46c7-a1e3-2842ad8ff250','47bf0ed4-c630-4fec-88e9-d5aa94836b98','demo4.user@example.com','677dfbce-a023-4d7f-9c5e-caf9ad239044.91450d1882b7ac33c5d52621feb6aae1','2026-03-23 09:27:39','2533e2bd-c8d2-40b6-9635-ddf222d4d207','accepted','2026-03-16 09:27:38','2026-03-16 09:28:26'),('86e8897f-edd5-4cbe-a226-ebc1b9ea9e0c','47bf0ed4-c630-4fec-88e9-d5aa94836b98','demo2.user@example.com','e0cd4f66-c8cc-42b2-bbc1-97f262df1098.ba40c42c8698f8a67e48ca7ee5b8976c','2026-03-20 06:09:48','2533e2bd-c8d2-40b6-9635-ddf222d4d207','accepted','2026-03-13 06:09:48','2026-03-13 06:10:32'),('e5fa3e08-40c2-4c6b-8f7f-3fce9302678e','26cde980-e168-456e-87f5-816be5b00111','demo5.user@example.com','1121b4cb-eb6b-4cb2-ad46-9878d79345ae.ee76bbeb9ca98a4ddf0c1e9b05d9c2d9','2026-03-24 09:50:04','ed78bfbe-03b9-408b-8efb-d7c59209a6a6','accepted','2026-03-17 09:50:03','2026-03-17 09:52:00'),('ecc93a57-0d9c-42ff-8307-ae8af3c1a9f9','47bf0ed4-c630-4fec-88e9-d5aa94836b98','demo4.user@example.com','1d8216d0-9ab1-456f-ae58-5ce7e2241ebf.70f9e046971e623496e759189af4dbf2','2026-03-23 09:26:04','2533e2bd-c8d2-40b6-9635-ddf222d4d207','accepted','2026-03-16 09:26:04','2026-03-16 09:26:19');
/*!40000 ALTER TABLE `account_invites` ENABLE KEYS */;
UNLOCK TABLES;

--
-- Table structure for table `account_memberships`
--

DROP TABLE IF EXISTS `account_memberships`;
/*!40101 SET @saved_cs_client     = @@character_set_client */;
/*!50503 SET character_set_client = utf8mb4 */;
CREATE TABLE `account_memberships` (
  `id` char(36) COLLATE utf8mb4_unicode_ci NOT NULL,
  `account_id` char(36) COLLATE utf8mb4_unicode_ci NOT NULL,
  `user_id` char(36) COLLATE utf8mb4_unicode_ci NOT NULL,
  `membership_role` varchar(20) COLLATE utf8mb4_unicode_ci NOT NULL DEFAULT 'member',
  `status` varchar(20) COLLATE utf8mb4_unicode_ci NOT NULL DEFAULT 'active',
  `created_at` timestamp NOT NULL DEFAULT CURRENT_TIMESTAMP,
  `updated_at` timestamp NOT NULL DEFAULT CURRENT_TIMESTAMP ON UPDATE CURRENT_TIMESTAMP,
  PRIMARY KEY (`id`),
  UNIQUE KEY `uq_account_membership` (`account_id`,`user_id`),
  KEY `idx_memberships_user` (`user_id`),
  KEY `idx_memberships_account` (`account_id`),
  CONSTRAINT `fk_memberships_account` FOREIGN KEY (`account_id`) REFERENCES `accounts` (`id`) ON DELETE CASCADE,
  CONSTRAINT `fk_memberships_user` FOREIGN KEY (`user_id`) REFERENCES `users` (`id`) ON DELETE CASCADE
) ENGINE=InnoDB DEFAULT CHARSET=utf8mb4 COLLATE=utf8mb4_unicode_ci;
/*!40101 SET character_set_client = @saved_cs_client */;

--
-- Dumping data for table `account_memberships`
--

LOCK TABLES `account_memberships` WRITE;
/*!40000 ALTER TABLE `account_memberships` DISABLE KEYS */;
INSERT INTO `account_memberships` VALUES ('1b894d21-c977-4adc-b7e7-c54f4e702971','47bf0ed4-c630-4fec-88e9-d5aa94836b98','c3926061-a464-4a83-9223-f66278ab8910','member','removed','2026-03-13 06:10:32','2026-03-13 06:12:59'),('24a85e25-4cc8-4066-b74f-3060bbecb2df','47bf0ed4-c630-4fec-88e9-d5aa94836b98','2533e2bd-c8d2-40b6-9635-ddf222d4d207','owner','active','2026-02-13 09:28:53','2026-02-13 09:28:53'),('28996365-76de-446e-a813-455ab635a3b9','47bf0ed4-c630-4fec-88e9-d5aa94836b98','4f1858a2-e7f3-49e1-84c8-658506cad47f','member','active','2026-03-16 09:26:19','2026-03-16 10:08:22'),('2acffdea-ef26-4201-be30-0fee430487f4','5066a58b-6783-4bf3-a056-432d3c1c4f75','12f99a44-4ab0-4df3-954c-d3c90b80d897','owner','active','2026-03-11 10:43:20','2026-03-11 10:43:20'),('309b218b-9798-448e-9341-cd9a6c77ebfe','97d2d9d5-a25d-49a2-a73e-27376f1718b1','c3926061-a464-4a83-9223-f66278ab8910','owner','active','2026-03-03 06:11:25','2026-03-03 06:11:25'),('32dbb9fb-827d-40ea-a69d-0f08ec1930ec','7ecbe2c3-eaeb-447b-b09e-ac974b85a651','00000000-0000-0000-0000-000000000001','owner','active','2026-03-03 06:10:40','2026-03-03 06:10:40'),('38d356a0-0b7d-418d-9b17-cd2ef5926d13','2b387b8f-9afd-4ed8-9ee9-003e461733a2','00000000-0000-0000-0000-000000000001','owner','active','2026-03-11 06:08:08','2026-03-11 06:08:08'),('65818762-8932-48a4-8475-0dbc26aaa47c','26cde980-e168-456e-87f5-816be5b00111','ed78bfbe-03b9-408b-8efb-d7c59209a6a6','owner','active','2026-03-11 06:06:22','2026-03-11 06:06:22'),('6bd73896-dabb-4eba-b265-4b9fc6e30a7a','b7c104c3-2e15-45e6-a10c-d52a1864a776','00000000-0000-0000-0000-000000000001','owner','active','2026-03-11 10:42:36','2026-03-11 10:42:36'),('6ffda6a8-dccb-4354-817f-aeb102ef6bab','47bf0ed4-c630-4fec-88e9-d5aa94836b98','ed78bfbe-03b9-408b-8efb-d7c59209a6a6','member','removed','2026-03-16 09:21:39','2026-03-16 09:22:40'),('8a4e507f-0150-44b5-b946-61ffdbdb4362','4d45bfbd-2584-4280-aef1-97036bc4139e','a502f783-3c0e-466a-99d2-5bc8cec26028','member','active','2026-02-12 05:30:00','2026-02-12 05:30:00'),('8e048092-2826-4f05-abb2-0c57a169478e','3a850079-c1bc-4795-85c3-86b7528c42b3','2eb766ea-b4fa-4614-abb4-1248ea395a19','owner','active','2026-03-11 06:09:04','2026-03-11 06:09:04'),('8fb0936d-3898-4ec4-9598-f10d1bca9a1c','f9738eb4-60a4-408a-9791-8d389aa8e905','00000000-0000-0000-0000-000000000001','owner','active','2026-03-11 06:05:15','2026-03-11 06:05:15'),('97edacc1-453c-49b5-b55c-64ff6139f7de','9886d2a0-31cf-4300-9c82-bcc67acca853','00000000-0000-0000-0000-000000000001','owner','active','2026-03-03 05:53:17','2026-03-03 05:53:17'),('a557fd9c-bf9b-40f8-8fa4-be0e2b8a0af1','a9306a66-a528-4878-816a-69f158d7de07','00000000-0000-0000-0000-000000000001','owner','active','2026-03-11 06:07:15','2026-03-11 06:07:15'),('ad1e6e7c-c7b6-4118-87c5-40338292ef2f','8783dbc2-f8f9-421a-a130-3716fa4afc24','8436076b-870a-43a3-8cc6-b7cb3091482b','owner','active','2026-03-17 11:55:20','2026-03-17 11:55:20'),('b695b876-d817-482d-98ec-6d6f8f6b3315','26cde980-e168-456e-87f5-816be5b00111','2eb766ea-b4fa-4614-abb4-1248ea395a19','member','active','2026-03-17 09:52:00','2026-03-17 09:52:00'),('ba135d0b-5877-4455-a502-fe49e007b9e3','51439eaa-08e3-4135-a0bc-ea0ef4c71740','4f1858a2-e7f3-49e1-84c8-658506cad47f','owner','active','2026-03-11 06:07:51','2026-03-11 06:07:51'),('bfa70748-6c1e-4020-9c09-2cdf2384bc20','d3eb762a-011d-4a04-87ac-f08f0818beea','37c05357-eed9-4154-8a51-94ff19022465','owner','active','2026-02-11 11:33:04','2026-02-11 11:33:04'),('c3cba6b2-a56b-4bc4-8ddd-7a9068ab601c','96d93315-4276-40ab-aace-3d4a2ecc44dc','98c0eef5-66ee-403b-a1b3-1ef107f07a17','owner','active','2026-02-27 13:27:36','2026-02-27 13:27:36'),('d9b4446d-8ab9-4437-9b02-dcae2e4e03cc','4a28b427-80d1-4946-aad2-9ec7768a98fa','00000000-0000-0000-0000-000000000001','owner','active','2026-02-13 09:24:14','2026-02-13 09:24:14'),('efecde64-c66d-4926-b4ce-ddac4e34207d','c3758e25-3ea8-4efb-aa0f-79684e3ec114','a502f783-3c0e-466a-99d2-5bc8cec26028','owner','active','2026-02-11 11:47:41','2026-02-11 11:47:41'),('f04d6006-5ad5-4b2e-a3fd-c1d289618ace','4d45bfbd-2584-4280-aef1-97036bc4139e','fab5d923-a0b6-4106-ab95-495aedf840fd','owner','active','2026-02-11 09:31:25','2026-02-11 09:31:25');
/*!40000 ALTER TABLE `account_memberships` ENABLE KEYS */;
UNLOCK TABLES;

--
-- Table structure for table `accounts`
--

DROP TABLE IF EXISTS `accounts`;
/*!40101 SET @saved_cs_client     = @@character_set_client */;
/*!50503 SET character_set_client = utf8mb4 */;
CREATE TABLE `accounts` (
  `id` char(36) COLLATE utf8mb4_unicode_ci NOT NULL,
  `type` varchar(20) COLLATE utf8mb4_unicode_ci NOT NULL,
  `owner_user_id` char(36) COLLATE utf8mb4_unicode_ci NOT NULL,
  `seat_limit` int NOT NULL DEFAULT '1',
  `plan_code` varchar(64) COLLATE utf8mb4_unicode_ci DEFAULT NULL,
  `billing_status` varchar(32) COLLATE utf8mb4_unicode_ci NOT NULL DEFAULT 'inactive',
  `created_at` timestamp NOT NULL DEFAULT CURRENT_TIMESTAMP,
  `updated_at` timestamp NOT NULL DEFAULT CURRENT_TIMESTAMP ON UPDATE CURRENT_TIMESTAMP,
  PRIMARY KEY (`id`),
  KEY `idx_accounts_owner` (`owner_user_id`),
  CONSTRAINT `fk_accounts_owner` FOREIGN KEY (`owner_user_id`) REFERENCES `users` (`id`) ON DELETE RESTRICT
) ENGINE=InnoDB DEFAULT CHARSET=utf8mb4 COLLATE=utf8mb4_unicode_ci;
/*!40101 SET character_set_client = @saved_cs_client */;

--
-- Dumping data for table `accounts`
--

LOCK TABLES `accounts` WRITE;
/*!40000 ALTER TABLE `accounts` DISABLE KEYS */;
INSERT INTO `accounts` VALUES ('26cde980-e168-456e-87f5-816be5b00111','company','ed78bfbe-03b9-408b-8efb-d7c59209a6a6',75,'growth_redundancy','active','2026-03-11 06:06:22','2026-03-17 11:10:27'),('2b387b8f-9afd-4ed8-9ee9-003e461733a2','individual','00000000-0000-0000-0000-000000000001',1,NULL,'active','2026-03-11 06:08:08','2026-03-11 06:08:08'),('3a850079-c1bc-4795-85c3-86b7528c42b3','individual','2eb766ea-b4fa-4614-abb4-1248ea395a19',1,'free','active','2026-03-11 06:09:04','2026-03-11 06:09:04'),('47bf0ed4-c630-4fec-88e9-d5aa94836b98','company','2533e2bd-c8d2-40b6-9635-ddf222d4d207',1,'free','active','2026-02-13 09:28:53','2026-03-13 06:07:16'),('4a28b427-80d1-4946-aad2-9ec7768a98fa','individual','00000000-0000-0000-0000-000000000001',1,NULL,'active','2026-02-13 09:24:14','2026-02-13 09:24:14'),('4d45bfbd-2584-4280-aef1-97036bc4139e','company','fab5d923-a0b6-4106-ab95-495aedf840fd',1,'free','active','2026-02-11 09:31:25','2026-02-12 05:07:09'),('5066a58b-6783-4bf3-a056-432d3c1c4f75','individual','12f99a44-4ab0-4df3-954c-d3c90b80d897',1,'free','active','2026-03-11 10:43:20','2026-03-11 10:43:20'),('51439eaa-08e3-4135-a0bc-ea0ef4c71740','individual','4f1858a2-e7f3-49e1-84c8-658506cad47f',1,'free','active','2026-03-11 06:07:51','2026-03-11 06:07:51'),('7ecbe2c3-eaeb-447b-b09e-ac974b85a651','individual','00000000-0000-0000-0000-000000000001',1,NULL,'active','2026-03-03 06:10:40','2026-03-03 06:10:40'),('8783dbc2-f8f9-421a-a130-3716fa4afc24','company','8436076b-870a-43a3-8cc6-b7cb3091482b',1,NULL,'inactive','2026-03-17 11:55:20','2026-03-17 11:56:20'),('96d93315-4276-40ab-aace-3d4a2ecc44dc','individual','98c0eef5-66ee-403b-a1b3-1ef107f07a17',1,'free','active','2026-02-27 13:27:36','2026-02-27 13:27:36'),('97d2d9d5-a25d-49a2-a73e-27376f1718b1','individual','c3926061-a464-4a83-9223-f66278ab8910',1,'free','active','2026-03-03 06:11:25','2026-03-03 06:11:25'),('9886d2a0-31cf-4300-9c82-bcc67acca853','individual','00000000-0000-0000-0000-000000000001',1,NULL,'active','2026-03-03 05:53:17','2026-03-03 05:53:17'),('a9306a66-a528-4878-816a-69f158d7de07','individual','00000000-0000-0000-0000-000000000001',1,NULL,'active','2026-03-11 06:07:15','2026-03-11 06:07:15'),('b7c104c3-2e15-45e6-a10c-d52a1864a776','individual','00000000-0000-0000-0000-000000000001',1,NULL,'active','2026-03-11 10:42:36','2026-03-11 10:42:36'),('c3758e25-3ea8-4efb-aa0f-79684e3ec114','individual','a502f783-3c0e-466a-99d2-5bc8cec26028',1,'free','active','2026-02-11 11:47:41','2026-02-11 11:47:41'),('d3eb762a-011d-4a04-87ac-f08f0818beea','individual','37c05357-eed9-4154-8a51-94ff19022465',1,'free','active','2026-02-11 11:33:04','2026-02-11 11:33:04'),('f9738eb4-60a4-408a-9791-8d389aa8e905','individual','00000000-0000-0000-0000-000000000001',1,NULL,'active','2026-03-11 06:05:15','2026-03-11 06:05:15');
/*!40000 ALTER TABLE `accounts` ENABLE KEYS */;
UNLOCK TABLES;

--
-- Table structure for table `agent_role_requests`
--

DROP TABLE IF EXISTS `agent_role_requests`;
/*!40101 SET @saved_cs_client     = @@character_set_client */;
/*!50503 SET character_set_client = utf8mb4 */;
CREATE TABLE `agent_role_requests` (
  `id` varchar(36) COLLATE utf8mb4_unicode_ci NOT NULL,
  `user_id` varchar(36) COLLATE utf8mb4_unicode_ci NOT NULL,
  `account_id` varchar(36) COLLATE utf8mb4_unicode_ci DEFAULT NULL,
  `status` enum('pending','approved','rejected') COLLATE utf8mb4_unicode_ci NOT NULL DEFAULT 'pending',
  `reason` text COLLATE utf8mb4_unicode_ci,
  `created_at` timestamp NOT NULL DEFAULT CURRENT_TIMESTAMP,
  `decided_at` timestamp NULL DEFAULT NULL,
  `decided_by_user_id` varchar(36) COLLATE utf8mb4_unicode_ci DEFAULT NULL,
  `decision_note` text COLLATE utf8mb4_unicode_ci,
  PRIMARY KEY (`id`),
  KEY `idx_agent_role_requests_user` (`user_id`),
  KEY `idx_agent_role_requests_status` (`status`),
  KEY `idx_agent_role_requests_created` (`created_at`)
) ENGINE=InnoDB DEFAULT CHARSET=utf8mb4 COLLATE=utf8mb4_unicode_ci;
/*!40101 SET character_set_client = @saved_cs_client */;

--
-- Dumping data for table `agent_role_requests`
--

LOCK TABLES `agent_role_requests` WRITE;
/*!40000 ALTER TABLE `agent_role_requests` DISABLE KEYS */;
INSERT INTO `agent_role_requests` VALUES ('8284e3ce-ecb6-4d96-b020-1adac733f994','c3926061-a464-4a83-9223-f66278ab8910','97d2d9d5-a25d-49a2-a73e-27376f1718b1','approved','i am part of the agent team my join code is 4557\n','2026-03-13 06:17:44','2026-03-13 06:22:50','fab5d923-a0b6-4106-ab95-495aedf840fd','ok i approve your request . your join code is accepted. all the best'),('f01f25e3-aa8f-4108-a216-db2d69b596d7','a502f783-3c0e-466a-99d2-5bc8cec26028','c3758e25-3ea8-4efb-aa0f-79684e3ec114','approved','for testing','2026-02-12 09:53:16','2026-02-12 09:59:28','fab5d923-a0b6-4106-ab95-495aedf840fd','');
/*!40000 ALTER TABLE `agent_role_requests` ENABLE KEYS */;
UNLOCK TABLES;

--
-- Table structure for table `audit_logs`
--

DROP TABLE IF EXISTS `audit_logs`;
/*!40101 SET @saved_cs_client     = @@character_set_client */;
/*!50503 SET character_set_client = utf8mb4 */;
CREATE TABLE `audit_logs` (
  `id` char(36) COLLATE utf8mb4_unicode_ci NOT NULL,
  `actor_user_id` char(36) COLLATE utf8mb4_unicode_ci DEFAULT NULL,
  `actor_role` varchar(20) COLLATE utf8mb4_unicode_ci NOT NULL,
  `action` varchar(64) COLLATE utf8mb4_unicode_ci NOT NULL,
  `entity_type` varchar(64) COLLATE utf8mb4_unicode_ci NOT NULL,
  `entity_id` char(36) COLLATE utf8mb4_unicode_ci DEFAULT NULL,
  `metadata_json` json DEFAULT NULL,
  `created_at` timestamp NOT NULL DEFAULT CURRENT_TIMESTAMP,
  PRIMARY KEY (`id`),
  KEY `idx_audit_actor` (`actor_user_id`),
  KEY `idx_audit_entity` (`entity_type`,`entity_id`),
  CONSTRAINT `fk_audit_actor` FOREIGN KEY (`actor_user_id`) REFERENCES `users` (`id`) ON DELETE SET NULL
) ENGINE=InnoDB DEFAULT CHARSET=utf8mb4 COLLATE=utf8mb4_unicode_ci;
/*!40101 SET character_set_client = @saved_cs_client */;

--
-- Dumping data for table `audit_logs`
--

LOCK TABLES `audit_logs` WRITE;
/*!40000 ALTER TABLE `audit_logs` DISABLE KEYS */;
INSERT INTO `audit_logs` VALUES ('00363dd1-95dc-4110-aeaa-42ae8c119a49','4f1858a2-e7f3-49e1-84c8-658506cad47f','customer','ticket.message.create','ticket','bf855668-4349-47dd-8183-17da606a8454','{\"via\": \"socket\", \"messageId\": \"0d34ba34-9f8b-40a2-af64-6785b5f1f3a7\"}','2026-03-17 04:19:15'),('01ee2500-7eae-4105-95a0-a9ee7ff41262','a502f783-3c0e-466a-99d2-5bc8cec26028','agent','screen_share.stopped','ticket','a6849598-654a-4970-a502-79aaf6485e55','{\"id\": \"e4f41f64-e9ef-4d7e-8e6e-cdd7cb2fd227\", \"status\": \"stopped\", \"ticketId\": \"a6849598-654a-4970-a502-79aaf6485e55\"}','2026-03-03 12:30:36'),('01f1f95a-c42a-4c24-a0f4-a220382214a2','4f1858a2-e7f3-49e1-84c8-658506cad47f','customer','ticket.updated','ticket','32ec3ff9-5a75-4f29-a895-ec986c6f4cd1','{\"incidentTypeSelected\": \"printer_troubleshooting\"}','2026-03-17 06:38:49'),('0233f49c-1ea0-4bbd-bece-d04959deb14c','12f99a44-4ab0-4df3-954c-d3c90b80d897','customer','ticket.created','ticket','18e285e1-3679-4e95-9552-7a5752bec1ef','{\"alias\": \"Customer #EDDC\", \"priority\": \"medium\"}','2026-03-18 04:49:39'),('02d8c5ea-c891-438d-9310-6224dded83ff','a502f783-3c0e-466a-99d2-5bc8cec26028','agent','ticket.message.create','ticket','83e20aa4-1bba-4d83-b635-0e3b9df9f1a6','{\"via\": \"socket\", \"messageId\": \"d7c5a413-14d6-4b10-8de4-94089e9454f6\"}','2026-03-17 05:41:20'),('030f8200-a650-4843-b36a-4b011cc461d1','a502f783-3c0e-466a-99d2-5bc8cec26028','agent','call_request.ended','ticket','425d0e20-34ec-4255-a8e9-156157d724aa','{\"requestId\": \"348c443d-16fc-11f1-9a77-40c2ba17e4f7\"}','2026-03-10 10:17:02'),('039bfedd-5011-48ed-bd7b-ec34ef0e1ede','37c05357-eed9-4154-8a51-94ff19022465','customer','ticket.message.create','ticket','4da3f6a0-7f0c-4307-800b-5a4a91e18e5a','{\"messageId\": \"0c4c8add-a2a4-46cc-b794-2250e89b70a2\"}','2026-02-18 09:08:17'),('04f0a608-cbaf-4663-8b9f-c659ecb97a23','8436076b-870a-43a3-8cc6-b7cb3091482b','customer','ticket.created','ticket','d4f41550-4d45-4e1a-8a5c-ae699edabd53','{\"alias\": \"Customer #E37B\", \"priority\": \"medium\"}','2026-03-17 11:55:42'),('06819d6a-41ee-4259-bcd3-510cecd54c9e','a502f783-3c0e-466a-99d2-5bc8cec26028','agent','call_request.ended','ticket','4da3f6a0-7f0c-4307-800b-5a4a91e18e5a','{\"requestId\": \"9aca5afd-163a-11f1-9a77-40c2ba17e4f7\"}','2026-03-02 13:24:55'),('09d5f679-628f-4470-b111-91adb3300565','4f1858a2-e7f3-49e1-84c8-658506cad47f','customer','ticket.message.create','ticket','cadacc10-e9c9-401c-aca2-18308dc72de8','{\"via\": \"socket\", \"messageId\": \"d03ee3fb-6c0c-4cb0-abd5-c996da892190\"}','2026-03-13 07:02:39'),('0a029475-6c05-43ad-9c17-fc8642041532','c3926061-a464-4a83-9223-f66278ab8910','customer','ticket.message.create','ticket','a6849598-654a-4970-a502-79aaf6485e55','{\"via\": \"socket\", \"messageId\": \"6d590fb6-79f8-448d-b5bd-e6ed1127d922\"}','2026-03-03 11:07:37'),('0a3d4db8-aba0-4ec5-9ec3-0c78984a6d09','a502f783-3c0e-466a-99d2-5bc8cec26028','agent','ticket.message.create','ticket','6e755938-36db-4be2-9e19-d91cdb37a0c6','{\"via\": \"socket\", \"messageId\": \"cc1a89d8-6ad2-4027-8333-5555da2ea6df\"}','2026-03-13 06:42:29'),('0b66edc7-f85c-418c-a180-d9c44cdcbf60','37c05357-eed9-4154-8a51-94ff19022465','customer','ticket.created','ticket','4da3f6a0-7f0c-4307-800b-5a4a91e18e5a','{\"alias\": \"Customer #CB2B\"}','2026-02-13 12:26:05'),('0be19f83-d393-47ed-8aaf-eaf15a1bb59a','a502f783-3c0e-466a-99d2-5bc8cec26028','agent','ticket.claimed','ticket','6e755938-36db-4be2-9e19-d91cdb37a0c6','{}','2026-03-13 06:45:22'),('0c55ed3a-bfe6-4ac6-8758-14c5b6844d68','8436076b-870a-43a3-8cc6-b7cb3091482b','customer','ticket.created','ticket','f2971e67-8e01-4e66-8f4f-5401e11e0d7a','{\"alias\": \"Customer #F82F\", \"priority\": \"medium\"}','2026-03-17 11:56:45'),('0df17f86-fdb4-4c49-a56d-02afc8d23da4','37c05357-eed9-4154-8a51-94ff19022465','customer','ticket.message.create','ticket','3e6bf8f5-158c-4f23-b2c7-c4e6b00efa0a','{\"via\": \"socket\", \"messageId\": \"4881e807-faf3-44bd-a3e7-7c7093c2101b\"}','2026-03-03 05:56:39'),('0dfeb52c-cd0b-4779-a3d3-ca7b8628e4df','a502f783-3c0e-466a-99d2-5bc8cec26028','agent','call_request.accepted','ticket','99de0dab-9b67-4c80-9301-0c294ac39a48','{\"requestId\": \"fac4d1e8-1d14-11f1-9a77-40c2ba17e4f7\"}','2026-03-11 07:01:25'),('0e81d695-0758-4391-ac10-d90bc230a36b','a502f783-3c0e-466a-99d2-5bc8cec26028','agent','ticket.message.create','ticket','a6849598-654a-4970-a502-79aaf6485e55','{\"via\": \"socket\", \"messageId\": \"69262bfe-2b59-4453-a0db-e3fa06826f8d\"}','2026-03-03 11:58:56'),('10dedf45-7f2c-44f9-a166-82408ef9c65f','4f1858a2-e7f3-49e1-84c8-658506cad47f','customer','ticket.created','ticket','bf855668-4349-47dd-8183-17da606a8454','{\"alias\": \"Customer #BC68\", \"priority\": \"medium\"}','2026-03-17 04:18:55'),('141858bf-788c-4ba9-944a-fe8f8499d11a','a502f783-3c0e-466a-99d2-5bc8cec26028','agent','ticket.message.create','ticket','4da3f6a0-7f0c-4307-800b-5a4a91e18e5a','{\"via\": \"socket\", \"messageId\": \"6bf8860e-e49e-4229-8d8d-188801411781\"}','2026-02-24 10:23:37'),('15543bc8-0840-4782-b3a1-9d50f61d119a','a502f783-3c0e-466a-99d2-5bc8cec26028','agent','ticket.message.create','ticket','4da3f6a0-7f0c-4307-800b-5a4a91e18e5a','{\"messageId\": \"f4b9182a-b1dc-447c-8418-23cc1c2f9e2a\"}','2026-02-20 14:38:44'),('1556489e-e12c-4397-b2fc-52016827523d','c3926061-a464-4a83-9223-f66278ab8910','customer','ticket.message.create','ticket','425d0e20-34ec-4255-a8e9-156157d724aa','{\"via\": \"socket\", \"messageId\": \"85c19f18-686a-40a7-a8fd-1e7ffab56b47\"}','2026-03-03 12:24:58'),('1786dc0e-87e5-41a1-a45c-b19f436fb841','37c05357-eed9-4154-8a51-94ff19022465','customer','ticket.message.create','ticket','4da3f6a0-7f0c-4307-800b-5a4a91e18e5a','{\"via\": \"socket\", \"messageId\": \"e3817c4d-c705-4525-806d-e736ed4e8b82\"}','2026-03-02 12:34:27'),('17c1ef06-f44c-47fc-aa69-2ae074d50e2b','a502f783-3c0e-466a-99d2-5bc8cec26028','agent','ticket.updated','ticket','18e285e1-3679-4e95-9552-7a5752bec1ef','{\"status\": \"waiting_customer\", \"priority\": \"medium\"}','2026-03-18 04:55:59'),('17e1ada2-d1e0-4f0b-a63f-51fe07c4955d','37c05357-eed9-4154-8a51-94ff19022465','customer','call_request.ended','ticket','4da3f6a0-7f0c-4307-800b-5a4a91e18e5a','{\"requestId\": \"97f25979-1620-11f1-9a77-40c2ba17e4f7\"}','2026-03-02 11:52:18'),('181bd36f-6fd4-43e4-a8e9-56ea4570e947','a502f783-3c0e-466a-99d2-5bc8cec26028','agent','call_request.ended','ticket','99de0dab-9b67-4c80-9301-0c294ac39a48','{\"requestId\": \"5700e886-1d11-11f1-9a77-40c2ba17e4f7\"}','2026-03-11 06:16:53'),('18d42d07-4aac-4288-a0f8-a33bcdf946dc','12f99a44-4ab0-4df3-954c-d3c90b80d897','customer','ticket.message.create','ticket','e74b09eb-b110-41e2-a41b-404900e2df45','{\"via\": \"socket\", \"messageId\": \"512b46e8-4cb3-47dd-8fe7-edcbb62d0983\"}','2026-03-11 10:43:42'),('198c691c-4613-4812-8878-b0c2f4747c7d','a502f783-3c0e-466a-99d2-5bc8cec26028','agent','ticket.message.create','ticket','4da3f6a0-7f0c-4307-800b-5a4a91e18e5a','{\"via\": \"socket\", \"messageId\": \"a7726faa-94d7-4a7a-a04a-c5ecbbd3a4cc\"}','2026-03-02 13:15:44'),('19c07742-1087-4ad9-b2b8-1e5c60254e26','a502f783-3c0e-466a-99d2-5bc8cec26028','agent','ticket.updated','ticket','d98f8a91-dbd9-41fc-800b-97634944f695','{\"status\": \"in_progress\"}','2026-02-12 10:06:49'),('1a21c74b-a3cf-45aa-8cda-861b70625c1e','a502f783-3c0e-466a-99d2-5bc8cec26028','agent','call_request.accepted','ticket','e74b09eb-b110-41e2-a41b-404900e2df45','{\"requestId\": \"aec0ee40-1d37-11f1-9a77-40c2ba17e4f7\"}','2026-03-11 10:47:37'),('1a6fad13-0368-4ace-aac3-ee3d62c6bbe6','fab5d923-a0b6-4106-ab95-495aedf840fd','admin','ticket.updated','ticket','83e20aa4-1bba-4d83-b635-0e3b9df9f1a6','{\"status\": \"open\", \"priority\": \"critical\"}','2026-03-17 05:44:19'),('1e585740-abf6-476a-b3b1-3f65352f364a','fab5d923-a0b6-4106-ab95-495aedf840fd','admin','ticket.updated','ticket','83e20aa4-1bba-4d83-b635-0e3b9df9f1a6','{\"status\": \"open\", \"priority\": \"high\"}','2026-03-17 05:44:12'),('1f1710e1-a803-4cb1-a6a4-75aff9064a99','4f1858a2-e7f3-49e1-84c8-658506cad47f','customer','screen_share.started','ticket','cadacc10-e9c9-401c-aca2-18308dc72de8','{\"id\": \"0b2a8f81-1ede-4389-b688-4a7fad371e08\", \"status\": \"started\", \"ticketId\": \"cadacc10-e9c9-401c-aca2-18308dc72de8\"}','2026-03-13 07:10:08'),('21057567-9c2e-4222-a357-4cd97fb5f1d7','c3926061-a464-4a83-9223-f66278ab8910','customer','ticket.updated','ticket','425d0e20-34ec-4255-a8e9-156157d724aa','{\"incidentTypeSelected\": \"technical\"}','2026-03-03 12:25:34'),('212a469f-a3e4-49c8-a59e-28b3a4b39576','a502f783-3c0e-466a-99d2-5bc8cec26028','agent','ticket.message.create','ticket','6e755938-36db-4be2-9e19-d91cdb37a0c6','{\"via\": \"socket\", \"messageId\": \"95b6177e-9811-4835-b199-dd0ae99cbe01\"}','2026-03-13 06:42:58'),('21740d99-78dc-4a9b-9317-58381f61c04f','a502f783-3c0e-466a-99d2-5bc8cec26028','agent','call_request.ended','ticket','a6849598-654a-4970-a502-79aaf6485e55','{\"requestId\": \"722fb7fe-16fc-11f1-9a77-40c2ba17e4f7\"}','2026-03-03 12:30:48'),('225c08de-412e-4905-a9eb-6a3dc5a18895','a502f783-3c0e-466a-99d2-5bc8cec26028','agent','ticket.message.create','ticket','4b11c334-6b8c-4b06-87e0-232c3702ea67','{\"via\": \"socket\", \"messageId\": \"52680ae5-4b84-4265-a8cb-bfa5a232490c\"}','2026-03-16 07:09:29'),('230ddf88-7766-430b-839c-645e82309c5f','fab5d923-a0b6-4106-ab95-495aedf840fd','admin','ticket.message.create','ticket','a50912d5-c9c8-462d-b5b8-0e24a9cbb97e','{\"via\": \"socket\", \"messageId\": \"cacca77a-236c-45bf-8bed-2b506b1de822\"}','2026-03-17 06:54:56'),('230f3d9b-c30f-453e-bbe3-942342d84a00','a502f783-3c0e-466a-99d2-5bc8cec26028','agent','screen_share.started','ticket','a6849598-654a-4970-a502-79aaf6485e55','{\"id\": \"bb62d01f-cce5-4693-9777-5512be174da3\", \"status\": \"started\", \"ticketId\": \"a6849598-654a-4970-a502-79aaf6485e55\"}','2026-03-03 12:29:59'),('23762680-7d79-4395-9bc5-e641f00ba702','a502f783-3c0e-466a-99d2-5bc8cec26028','agent','ticket.updated','ticket','e74b09eb-b110-41e2-a41b-404900e2df45','{\"status\": \"resolved\"}','2026-03-11 10:50:04'),('23ff751d-bdfe-47e2-949a-e1a38b412d08','ed78bfbe-03b9-408b-8efb-d7c59209a6a6','customer','ticket.created','ticket','2f86bc66-b308-4802-88c9-ac4bd34b8612','{\"alias\": \"Customer #7DAB\", \"priority\": \"medium\"}','2026-03-17 11:46:19'),('24db0a22-ae1e-4178-9fa8-aafff7a565a5','ed78bfbe-03b9-408b-8efb-d7c59209a6a6','customer','ticket.message.create','ticket','6e755938-36db-4be2-9e19-d91cdb37a0c6','{\"via\": \"socket\", \"messageId\": \"cf15910e-21d6-4c43-8ba4-bd8bf3a0128a\"}','2026-03-13 06:42:41'),('2501ef84-5d91-4053-a8fe-a0f53994726b','37c05357-eed9-4154-8a51-94ff19022465','customer','call_request.ended','ticket','4da3f6a0-7f0c-4307-800b-5a4a91e18e5a','{\"requestId\": \"aa3f6421-1633-11f1-9a77-40c2ba17e4f7\"}','2026-03-02 12:50:26'),('25e99da4-75ab-45ad-b55f-c8640aace459','fab5d923-a0b6-4106-ab95-495aedf840fd','admin','admin.ticket.managed','ticket','18e285e1-3679-4e95-9552-7a5752bec1ef','{\"status\": \"open\", \"priority\": \"high\", \"assignedAgentId\": null}','2026-03-18 05:02:35'),('297b1ab7-f26f-46a4-a1b7-fa00513d0857','a502f783-3c0e-466a-99d2-5bc8cec26028','agent','ticket.claimed','ticket','a6849598-654a-4970-a502-79aaf6485e55','{}','2026-03-03 09:49:06'),('2a657c97-7151-452c-85ad-78a67fddd2d6','ed78bfbe-03b9-408b-8efb-d7c59209a6a6','customer','ticket.updated','ticket','6e755938-36db-4be2-9e19-d91cdb37a0c6','{\"incidentTypeSelected\": \"technical\"}','2026-03-13 06:44:08'),('2b2ea327-99aa-45c6-b996-ecc6fb75d485','a502f783-3c0e-466a-99d2-5bc8cec26028','agent','call_request.accepted','ticket','a6849598-654a-4970-a502-79aaf6485e55','{\"requestId\": \"90d94d78-16f5-11f1-9a77-40c2ba17e4f7\"}','2026-03-03 11:38:59'),('2bcd33a7-02e8-4fe6-ae11-3cded9d4795a','a502f783-3c0e-466a-99d2-5bc8cec26028','agent','call_request.accepted','ticket','4da3f6a0-7f0c-4307-800b-5a4a91e18e5a','{\"requestId\": \"64c2aef7-1244-11f1-8770-40c2ba17e4f7\"}','2026-02-25 12:20:46'),('2c334d7c-1fd1-4bc4-86a7-4feb74c1fb9f','a502f783-3c0e-466a-99d2-5bc8cec26028','agent','ticket.message.create','ticket','4da3f6a0-7f0c-4307-800b-5a4a91e18e5a','{\"messageId\": \"553e8707-eecc-4de4-b1dc-c8c6290f4e33\"}','2026-02-20 14:35:03'),('2c848be6-4c40-41a9-9933-c9c469209f65','fab5d923-a0b6-4106-ab95-495aedf840fd','admin','ticket.quote.upserted','ticket','354b4dce-0ced-4233-8a4f-176ab95710cf','{\"note\": \"this is the quote amount\", \"currency\": \"USD\", \"quoteAmount\": 10000}','2026-03-17 07:16:44'),('2cb00911-105d-4983-93e8-ded83ff89f1d','37c05357-eed9-4154-8a51-94ff19022465','customer','ticket.message.create','ticket','4da3f6a0-7f0c-4307-800b-5a4a91e18e5a','{\"messageId\": \"dfe2d7a0-dd3d-4775-8abb-e496d54ffcb5\"}','2026-02-20 09:52:00'),('2df9a679-e896-4de7-b5d8-b48bc0a4427c','a502f783-3c0e-466a-99d2-5bc8cec26028','agent','ticket.message.create','ticket','3e6bf8f5-158c-4f23-b2c7-c4e6b00efa0a','{\"via\": \"socket\", \"messageId\": \"c331a427-5270-45b2-b992-fb2db0794a13\"}','2026-03-03 06:04:47'),('2e95e8c5-18da-4c0e-a604-19010873155e','4f1858a2-e7f3-49e1-84c8-658506cad47f','customer','ticket.created','ticket','83e20aa4-1bba-4d83-b635-0e3b9df9f1a6','{\"alias\": \"Customer #A066\", \"priority\": \"medium\"}','2026-03-17 05:10:13'),('2f89807d-7e74-420c-89b1-084cf65d1c7e','a502f783-3c0e-466a-99d2-5bc8cec26028','agent','ticket.message.create','ticket','a6849598-654a-4970-a502-79aaf6485e55','{\"via\": \"socket\", \"messageId\": \"e2d8271d-a847-4216-a697-4970e70f04b3\"}','2026-03-03 11:35:53'),('31499105-a08d-4c78-adc4-fdac9063b1ab','12f99a44-4ab0-4df3-954c-d3c90b80d897','customer','ticket.message.create','ticket','e74b09eb-b110-41e2-a41b-404900e2df45','{\"via\": \"socket\", \"messageId\": \"9668d840-6ebc-487e-8c87-0db41a4d65a6\"}','2026-03-11 10:44:02'),('31d1a8cb-ef50-4d47-8ecc-8bb65b4c4679','c3926061-a464-4a83-9223-f66278ab8910','customer','call_request.ended','ticket','a6849598-654a-4970-a502-79aaf6485e55','{\"requestId\": \"0693edb1-16f8-11f1-9a77-40c2ba17e4f7\"}','2026-03-03 11:59:32'),('33c7ff64-4c29-408a-a226-8365c3234cba','fab5d923-a0b6-4106-ab95-495aedf840fd','admin','ticket.message.create','ticket','a50912d5-c9c8-462d-b5b8-0e24a9cbb97e','{\"via\": \"socket\", \"messageId\": \"160c208a-412d-4d24-9b22-006a5f6981e8\"}','2026-03-17 06:52:32'),('349eb7a1-8bb1-4a7c-a719-5f8488371ad1','a502f783-3c0e-466a-99d2-5bc8cec26028','agent','ticket.claimed','ticket','99de0dab-9b67-4c80-9301-0c294ac39a48','{}','2026-03-11 06:11:54'),('35607363-04c6-4ce6-882c-bc17303c015c','a502f783-3c0e-466a-99d2-5bc8cec26028','agent','call_request.ended','ticket','3e6bf8f5-158c-4f23-b2c7-c4e6b00efa0a','{\"requestId\": \"ed022527-16c6-11f1-9a77-40c2ba17e4f7\"}','2026-03-03 06:06:16'),('356208d8-7492-4898-9596-fcfc59ed9ce7','2eb766ea-b4fa-4614-abb4-1248ea395a19','customer','screen_share.started','ticket','99de0dab-9b67-4c80-9301-0c294ac39a48','{\"id\": \"86c5b32f-80b3-4699-903a-ca3166c6f63b\", \"status\": \"started\", \"ticketId\": \"99de0dab-9b67-4c80-9301-0c294ac39a48\"}','2026-03-11 10:23:37'),('3566e510-0d00-433b-8db9-51bdbb41165d','a502f783-3c0e-466a-99d2-5bc8cec26028','agent','call_request.ended','ticket','4da3f6a0-7f0c-4307-800b-5a4a91e18e5a','{\"requestId\": \"9aca5afd-163a-11f1-9a77-40c2ba17e4f7\"}','2026-03-02 13:24:55'),('3584611d-fa81-4a36-9168-2711943be513','4f1858a2-e7f3-49e1-84c8-658506cad47f','customer','ticket.message.create','ticket','a50912d5-c9c8-462d-b5b8-0e24a9cbb97e','{\"via\": \"socket\", \"messageId\": \"f8938462-68b4-4117-875f-f5df95017f44\"}','2026-03-17 06:52:42'),('37adb198-6190-4450-91b9-47b7ffa85b18','a502f783-3c0e-466a-99d2-5bc8cec26028','agent','screen_share.stopped','ticket','3e6bf8f5-158c-4f23-b2c7-c4e6b00efa0a','{\"id\": \"32bafeff-589b-491d-857e-4061eb1ee228\", \"status\": \"stopped\", \"ticketId\": \"3e6bf8f5-158c-4f23-b2c7-c4e6b00efa0a\"}','2026-03-03 06:06:03'),('38444430-5f29-4567-8e60-304fe487068e','37c05357-eed9-4154-8a51-94ff19022465','customer','ticket.message.create','ticket','4da3f6a0-7f0c-4307-800b-5a4a91e18e5a','{\"via\": \"socket\", \"messageId\": \"4db58969-fa43-4d3a-ac01-e2ed220fe15c\"}','2026-02-24 10:27:29'),('3b4945a0-2d11-42fd-8ab3-dc70c798c28a','a502f783-3c0e-466a-99d2-5bc8cec26028','agent','screen_share.started','ticket','4da3f6a0-7f0c-4307-800b-5a4a91e18e5a','{\"id\": \"38ebafed-7db4-453b-8fdc-7429e693d479\", \"status\": \"started\", \"ticketId\": \"4da3f6a0-7f0c-4307-800b-5a4a91e18e5a\"}','2026-02-25 12:14:22'),('3ba276c7-a382-4345-ac3c-e5ab668652d3','a502f783-3c0e-466a-99d2-5bc8cec26028','agent','call_request.ended','ticket','e74b09eb-b110-41e2-a41b-404900e2df45','{\"requestId\": \"aec0ee40-1d37-11f1-9a77-40c2ba17e4f7\"}','2026-03-11 10:49:56'),('3bcbd8b9-a800-4c48-bacc-4ff219cf959e','a502f783-3c0e-466a-99d2-5bc8cec26028','agent','ticket.claimed','ticket','4da3f6a0-7f0c-4307-800b-5a4a91e18e5a','{}','2026-02-20 09:49:36'),('3c3c819f-1dec-46de-a1ea-11b61dd13f79','37c05357-eed9-4154-8a51-94ff19022465','customer','ticket.message.create','ticket','4da3f6a0-7f0c-4307-800b-5a4a91e18e5a','{\"via\": \"socket\", \"messageId\": \"7ffd7d03-bb9d-416d-9d19-c8fad9f645e5\"}','2026-03-02 11:52:50'),('45319197-f5cd-49cb-8974-c5a0f3943d3b','c3926061-a464-4a83-9223-f66278ab8910','customer','call_request.ended','ticket','a6849598-654a-4970-a502-79aaf6485e55','{\"requestId\": \"3abe401f-16f0-11f1-9a77-40c2ba17e4f7\"}','2026-03-03 11:07:27'),('47471cb6-1f12-43ab-8091-faa128f211a5','a502f783-3c0e-466a-99d2-5bc8cec26028','agent','call_request.accepted','ticket','a6849598-654a-4970-a502-79aaf6485e55','{\"requestId\": \"d0db9c8c-16fc-11f1-9a77-40c2ba17e4f7\"}','2026-03-03 12:30:54'),('47891ca1-3ffe-4766-b53e-51fb0df2460a','fab5d923-a0b6-4106-ab95-495aedf840fd','admin','admin.ticket.managed','ticket','18e285e1-3679-4e95-9552-7a5752bec1ef','{\"status\": \"open\", \"priority\": \"medium\", \"assignedAgentId\": \"a502f783-3c0e-466a-99d2-5bc8cec26028\"}','2026-03-18 04:55:08'),('47a93576-828a-4b34-8cab-ddf3f142e613','a502f783-3c0e-466a-99d2-5bc8cec26028','agent','ticket.message.create','ticket','a6849598-654a-4970-a502-79aaf6485e55','{\"via\": \"socket\", \"messageId\": \"de72f3cd-04f4-4d6d-b120-318f89380091\"}','2026-03-03 09:50:53'),('4a887475-87a0-4bae-b071-a6b2a3f92f47','a502f783-3c0e-466a-99d2-5bc8cec26028','agent','ticket.updated','ticket','3e6bf8f5-158c-4f23-b2c7-c4e6b00efa0a','{\"status\": \"closed\"}','2026-03-03 06:06:41'),('4c55614b-b0fe-4848-9e13-9e530ce5d639','a502f783-3c0e-466a-99d2-5bc8cec26028','agent','call_request.accepted','ticket','4da3f6a0-7f0c-4307-800b-5a4a91e18e5a','{\"requestId\": \"9aca5afd-163a-11f1-9a77-40c2ba17e4f7\"}','2026-03-02 13:20:52'),('4dd5b5fc-2b51-4b86-b030-cb4ae1cf81db','37c05357-eed9-4154-8a51-94ff19022465','customer','call_request.ended','ticket','4da3f6a0-7f0c-4307-800b-5a4a91e18e5a','{\"requestId\": \"64c2aef7-1244-11f1-8770-40c2ba17e4f7\"}','2026-02-25 12:22:11'),('4df5f1f9-fa98-4072-8f5e-95bd3574cb16','fab5d923-a0b6-4106-ab95-495aedf840fd','admin','ticket.message.create','ticket','a50912d5-c9c8-462d-b5b8-0e24a9cbb97e','{\"via\": \"socket\", \"messageId\": \"b26b7954-68dc-4b58-8344-4a43e29cfe15\"}','2026-03-17 06:50:48'),('4fe200a7-8677-47a2-8f3a-0e95826f1d57','4f1858a2-e7f3-49e1-84c8-658506cad47f','customer','ticket.message.create','ticket','a50912d5-c9c8-462d-b5b8-0e24a9cbb97e','{\"via\": \"socket\", \"messageId\": \"df66e7f8-ca39-460a-9467-c3fe10e486f8\"}','2026-03-17 06:54:32'),('5094c921-dfef-4bc7-9275-b8b831d92edb','a502f783-3c0e-466a-99d2-5bc8cec26028','agent','ticket.message.create','ticket','4da3f6a0-7f0c-4307-800b-5a4a91e18e5a','{\"via\": \"socket\", \"messageId\": \"30efe230-5cd5-4a77-8fcb-8ce563ec729f\"}','2026-02-24 11:10:53'),('52da3e70-ba42-4ff0-a92d-3f727ece7d72','37c05357-eed9-4154-8a51-94ff19022465','customer','ticket.message.create','ticket','4da3f6a0-7f0c-4307-800b-5a4a91e18e5a','{\"via\": \"socket\", \"messageId\": \"98d1e326-8916-4a6d-810a-fb6b724c3ea2\"}','2026-02-24 11:03:51'),('541457e3-fdc0-4fe8-93c9-e3baa4a30b7f','37c05357-eed9-4154-8a51-94ff19022465','customer','ticket.created','ticket','1af75b4b-2c73-447f-836c-3bbb1f0be906','{\"alias\": \"Customer #9CF8\"}','2026-03-11 05:08:37'),('557ad51f-8511-44b6-b16f-2edab2c397f7','2eb766ea-b4fa-4614-abb4-1248ea395a19','customer','ticket.message.create','ticket','99de0dab-9b67-4c80-9301-0c294ac39a48','{\"via\": \"socket\", \"messageId\": \"66159c99-66dc-4e7d-bddb-38968c632583\"}','2026-03-11 06:09:26'),('57a7cb64-5207-4fc9-92ff-47026419f74d','37c05357-eed9-4154-8a51-94ff19022465','customer','ticket.message.create','ticket','4da3f6a0-7f0c-4307-800b-5a4a91e18e5a','{\"messageId\": \"39ff2c10-efa3-46cc-8068-6bc8c72b709d\"}','2026-02-24 10:13:56'),('5918ffd0-54ed-47c7-8c98-558ed447eb67','fab5d923-a0b6-4106-ab95-495aedf840fd','admin','admin.ticket.managed','ticket','18e285e1-3679-4e95-9552-7a5752bec1ef','{\"status\": \"open\", \"priority\": \"medium\", \"assignedAgentId\": \"a502f783-3c0e-466a-99d2-5bc8cec26028\"}','2026-03-18 04:56:57'),('5a0c057d-c3b7-4ef1-8e23-a4dc0807c2c6','a502f783-3c0e-466a-99d2-5bc8cec26028','agent','ticket.claimed','ticket','cadacc10-e9c9-401c-aca2-18308dc72de8','{}','2026-03-13 07:07:28'),('5a48e198-8c77-4727-9fb4-61b1a75676d1','37c05357-eed9-4154-8a51-94ff19022465','customer','ticket.message.create','ticket','4da3f6a0-7f0c-4307-800b-5a4a91e18e5a','{\"via\": \"socket\", \"messageId\": \"9f2bfc27-4f62-4b9b-8f02-4ca6992cb0a8\"}','2026-03-02 12:33:28'),('5b00d368-cb8c-42d0-a520-e097c216021d','37c05357-eed9-4154-8a51-94ff19022465','customer','call_request.end','call_request','bf01f89a-124f-11f1-8770-40c2ba17e4f7','{\"ticketId\": \"4da3f6a0-7f0c-4307-800b-5a4a91e18e5a\"}','2026-02-25 13:42:53'),('5b69762f-18d3-4ffc-a54c-dde5c1b52156','37c05357-eed9-4154-8a51-94ff19022465','customer','ticket.message.create','ticket','4da3f6a0-7f0c-4307-800b-5a4a91e18e5a','{\"messageId\": \"be7661d6-b7b4-4283-9804-5ab3af1fc6fa\"}','2026-02-18 09:08:44'),('5cf6193d-b9e3-44d3-b8ba-41c00752daee','a502f783-3c0e-466a-99d2-5bc8cec26028','agent','ticket.updated','ticket','cadacc10-e9c9-401c-aca2-18308dc72de8','{\"status\": \"closed\", \"priority\": \"high\"}','2026-03-16 07:06:40'),('5d9c910f-eb9c-4be7-91ef-0287363ef29b','2eb766ea-b4fa-4614-abb4-1248ea395a19','customer','ticket.updated','ticket','99de0dab-9b67-4c80-9301-0c294ac39a48','{\"incidentTypeSelected\": \"technical\"}','2026-03-11 06:10:58'),('624f19f5-3399-49f8-ad8b-fe11180e94f4','a502f783-3c0e-466a-99d2-5bc8cec26028','agent','ticket.updated','ticket','6e755938-36db-4be2-9e19-d91cdb37a0c6','{\"status\": \"waiting_customer\"}','2026-03-13 06:53:13'),('62da67b1-99a7-4d3b-b6d3-fae253f0bf0e','a502f783-3c0e-466a-99d2-5bc8cec26028','agent','ticket.message.create','ticket','a6849598-654a-4970-a502-79aaf6485e55','{\"via\": \"socket\", \"messageId\": \"eaad37ca-e369-4ce6-9759-27d2ed1831b6\"}','2026-03-03 09:56:26'),('67c8336b-d671-40b6-aae0-19369c745f83','ed78bfbe-03b9-408b-8efb-d7c59209a6a6','customer','ticket.updated','ticket','4b11c334-6b8c-4b06-87e0-232c3702ea67','{\"incidentTypeSelected\": \"technical\"}','2026-03-16 07:09:52'),('69187b10-826b-4150-bf1a-e55f17b9f901','a502f783-3c0e-466a-99d2-5bc8cec26028','agent','ticket.claimed','ticket','3e6bf8f5-158c-4f23-b2c7-c4e6b00efa0a','{}','2026-03-03 06:04:23'),('699af259-c455-4963-ae45-115cd2925970','a502f783-3c0e-466a-99d2-5bc8cec26028','agent','call_request.accepted','ticket','a6849598-654a-4970-a502-79aaf6485e55','{\"requestId\": \"3abe401f-16f0-11f1-9a77-40c2ba17e4f7\"}','2026-03-03 11:00:55'),('69a26021-3731-4fa7-84a3-74e2ea8fa9b0','a502f783-3c0e-466a-99d2-5bc8cec26028','agent','call_request.accepted','ticket','4da3f6a0-7f0c-4307-800b-5a4a91e18e5a','{\"requestId\": \"97f25979-1620-11f1-9a77-40c2ba17e4f7\"}','2026-03-02 11:39:02'),('6a1b6fda-2923-4bce-a55b-ba61fae36f81','ed78bfbe-03b9-408b-8efb-d7c59209a6a6','customer','ticket.created','ticket','aa476ec4-f90e-4608-8269-66fa948aad6b','{\"alias\": \"Customer #EEE4\", \"priority\": \"medium\"}','2026-03-17 11:45:17'),('6c2dcd9f-1dd8-4a4e-937a-c19a28bf3f1e','a502f783-3c0e-466a-99d2-5bc8cec26028','agent','ticket.message.create','ticket','d98f8a91-dbd9-41fc-800b-97634944f695','{\"messageId\": \"055cbb74-6a0c-4800-bc7f-92592a319d84\"}','2026-02-19 12:07:44'),('6d76d63f-3b95-4fb8-aeca-522b328e2e69','a502f783-3c0e-466a-99d2-5bc8cec26028','agent','call_request.accept','call_request','e8636ada-124f-11f1-8770-40c2ba17e4f7','{\"type\": \"video\", \"ticketId\": \"4da3f6a0-7f0c-4307-800b-5a4a91e18e5a\"}','2026-02-25 13:43:11'),('6d863d29-7ba7-4d4d-8a1c-02dd9f715e2a','37c05357-eed9-4154-8a51-94ff19022465','customer','ticket.message.create','ticket','4da3f6a0-7f0c-4307-800b-5a4a91e18e5a','{\"messageId\": \"9248b9a5-3db2-4c1a-86e4-7f8047960616\"}','2026-02-20 14:39:20'),('6fa789d5-06a1-4a93-b275-9bb65a7f5c76','37c05357-eed9-4154-8a51-94ff19022465','customer','screen_share.started','ticket','4da3f6a0-7f0c-4307-800b-5a4a91e18e5a','{\"id\": \"91ec783a-5788-4869-9310-f3b20b7ff6cd\", \"status\": \"started\", \"ticketId\": \"4da3f6a0-7f0c-4307-800b-5a4a91e18e5a\"}','2026-03-02 12:33:08'),('6fbd89e6-990f-4969-994c-b9a036d09534','a502f783-3c0e-466a-99d2-5bc8cec26028','agent','ticket.updated','ticket','cadacc10-e9c9-401c-aca2-18308dc72de8','{\"status\": \"resolved\"}','2026-03-13 07:10:33'),('6fcc2793-35ac-430e-a4a8-f4652fc18920','a502f783-3c0e-466a-99d2-5bc8cec26028','agent','ticket.message.create','ticket','a6849598-654a-4970-a502-79aaf6485e55','{\"via\": \"socket\", \"messageId\": \"a566b01b-939c-42a0-afb1-d2da299166fc\"}','2026-03-03 09:55:08'),('707bd7dd-85db-45cc-b410-f4540604036f','a502f783-3c0e-466a-99d2-5bc8cec26028','agent','ticket.claimed','ticket','fc358314-8d9a-4a80-924e-e91d23c7e6ee','{}','2026-02-20 09:47:52'),('7113964a-5274-44fc-b6e0-cabd5f7aa899','12f99a44-4ab0-4df3-954c-d3c90b80d897','customer','ticket.created','ticket','442d4cac-514e-4303-bb96-1be5b130928c','{\"alias\": \"Customer #52AB\", \"priority\": \"medium\"}','2026-03-18 06:06:16'),('729a0c00-adc9-4913-93cd-c306ac7b06dc','37c05357-eed9-4154-8a51-94ff19022465','customer','ticket.message.create','ticket','4da3f6a0-7f0c-4307-800b-5a4a91e18e5a','{\"messageId\": \"1ddd964c-854c-4ee5-a4cd-e37b671bd5f3\"}','2026-02-20 15:21:30'),('72f513e3-cf6a-4a79-9572-ef6c22650a87','ed78bfbe-03b9-408b-8efb-d7c59209a6a6','customer','ticket.message.create','ticket','4b11c334-6b8c-4b06-87e0-232c3702ea67','{\"via\": \"socket\", \"messageId\": \"fff1716e-b1af-4f11-8709-3915c05add2c\"}','2026-03-16 07:09:10'),('73b50c62-9174-41c6-9fe2-f5f2e76e5b01','a502f783-3c0e-466a-99d2-5bc8cec26028','agent','ticket.updated','ticket','a6849598-654a-4970-a502-79aaf6485e55','{\"status\": \"waiting_customer\"}','2026-03-03 12:17:46'),('73e5d88a-fda3-4c9b-bac2-e8d9feb8cd2d','a502f783-3c0e-466a-99d2-5bc8cec26028','agent','call_request.ended','ticket','a6849598-654a-4970-a502-79aaf6485e55','{\"requestId\": \"43243341-16e6-11f1-9a77-40c2ba17e4f7\"}','2026-03-03 10:00:19'),('73f9102e-5406-4841-a64b-b6608e717979','a502f783-3c0e-466a-99d2-5bc8cec26028','agent','ticket.updated','ticket','d98f8a91-dbd9-41fc-800b-97634944f695','{\"status\": \"waiting_customer\"}','2026-02-20 09:30:45'),('747c969d-cd6e-425d-9910-2f674bb3cd77','a502f783-3c0e-466a-99d2-5bc8cec26028','agent','call_request.accepted','ticket','99de0dab-9b67-4c80-9301-0c294ac39a48','{\"requestId\": \"5700e886-1d11-11f1-9a77-40c2ba17e4f7\"}','2026-03-11 06:12:56'),('748c8449-daba-4ddd-8bdb-60f3323ee428','37c05357-eed9-4154-8a51-94ff19022465','customer','call_request.ended','ticket','1af75b4b-2c73-447f-836c-3bbb1f0be906','{\"requestId\": \"d79f0e8b-1d0e-11f1-9a77-40c2ba17e4f7\"}','2026-03-11 05:58:16'),('761d562e-181c-48f3-a7c3-ef2a5637e7d9','a502f783-3c0e-466a-99d2-5bc8cec26028','agent','call_request.ended','ticket','cadacc10-e9c9-401c-aca2-18308dc72de8','{\"requestId\": \"50c62c2d-1eab-11f1-9a77-40c2ba17e4f7\"}','2026-03-13 07:10:29'),('762834a9-fd5c-43c1-a473-9bea68db9df8','fab5d923-a0b6-4106-ab95-495aedf840fd','admin','ticket.message.create','ticket','83e20aa4-1bba-4d83-b635-0e3b9df9f1a6','{\"via\": \"socket\", \"messageId\": \"edb80c5e-da5f-481a-8e17-f8c752994e09\"}','2026-03-17 05:39:50'),('770fb1ea-d168-44e1-9da9-cdf86636070c','4f1858a2-e7f3-49e1-84c8-658506cad47f','customer','ticket.message.create','ticket','83e20aa4-1bba-4d83-b635-0e3b9df9f1a6','{\"via\": \"socket\", \"messageId\": \"4811bebb-fb36-426f-8361-328a3fda6483\"}','2026-03-17 05:40:14'),('772bd31f-675e-43d0-ac12-260bcae8cba2','4f1858a2-e7f3-49e1-84c8-658506cad47f','customer','ticket.created','ticket','a50912d5-c9c8-462d-b5b8-0e24a9cbb97e','{\"alias\": \"Customer #05FA\", \"priority\": \"medium\"}','2026-03-17 06:41:21'),('794beae5-088e-4063-9f7e-c4f10cbd7070','a502f783-3c0e-466a-99d2-5bc8cec26028','agent','ticket.updated','ticket','6e755938-36db-4be2-9e19-d91cdb37a0c6','{\"status\": \"waiting_customer\", \"priority\": \"high\"}','2026-03-16 07:07:13'),('798a3d90-abdc-42c6-8a24-d5399f0d49a9','37c05357-eed9-4154-8a51-94ff19022465','customer','ticket.updated','ticket','4da3f6a0-7f0c-4307-800b-5a4a91e18e5a','{\"incidentTypeSelected\": \"billing\"}','2026-03-02 11:44:45'),('7ae1b245-7d60-4709-8738-5f822cbac3bf','a502f783-3c0e-466a-99d2-5bc8cec26028','agent','ticket.claimed','ticket','e74b09eb-b110-41e2-a41b-404900e2df45','{}','2026-03-11 10:46:29'),('7cd035fc-7e88-4fb2-aeb1-44f9070c0071','a502f783-3c0e-466a-99d2-5bc8cec26028','agent','call_request.accept','call_request','bf01f89a-124f-11f1-8770-40c2ba17e4f7','{\"type\": \"video\", \"ticketId\": \"4da3f6a0-7f0c-4307-800b-5a4a91e18e5a\"}','2026-02-25 13:42:30'),('7d118a40-5574-4e83-be0b-6d1313efd797','37c05357-eed9-4154-8a51-94ff19022465','customer','screen_share.stopped','ticket','4da3f6a0-7f0c-4307-800b-5a4a91e18e5a','{\"id\": \"f1dc47aa-e191-4e03-a9ea-7e9adc2e6aab\", \"status\": \"stopped\", \"ticketId\": \"4da3f6a0-7f0c-4307-800b-5a4a91e18e5a\"}','2026-03-02 13:21:55'),('7d131d47-8c34-44a4-b1fc-29247c1a22df','a502f783-3c0e-466a-99d2-5bc8cec26028','agent','ticket.updated','ticket','99de0dab-9b67-4c80-9301-0c294ac39a48','{\"status\": \"closed\"}','2026-03-11 06:38:09'),('7d65a1b2-3074-4b65-8a4d-4ceca47919fa','12f99a44-4ab0-4df3-954c-d3c90b80d897','customer','ticket.message.create','ticket','e74b09eb-b110-41e2-a41b-404900e2df45','{\"via\": \"socket\", \"messageId\": \"9ec2ca88-3ad6-4fee-87eb-993ae2973026\"}','2026-03-11 10:47:16'),('7d6a5ffb-b3cd-4155-8f5c-c8f46d99079f','37c05357-eed9-4154-8a51-94ff19022465','customer','screen_share.started','ticket','4da3f6a0-7f0c-4307-800b-5a4a91e18e5a','{\"id\": \"12444eaa-c218-4ac0-92fc-8716c2f4e04f\", \"status\": \"started\", \"ticketId\": \"4da3f6a0-7f0c-4307-800b-5a4a91e18e5a\"}','2026-03-02 13:21:33'),('7d819392-2cfb-4535-97da-4013e6e9ca60','37c05357-eed9-4154-8a51-94ff19022465','customer','screen_share.started','ticket','1af75b4b-2c73-447f-836c-3bbb1f0be906','{\"id\": \"21718461-d8e9-4e52-85c5-1731a14fe1bf\", \"status\": \"started\", \"ticketId\": \"1af75b4b-2c73-447f-836c-3bbb1f0be906\"}','2026-03-11 05:56:30'),('7e6938a2-dc04-45fa-9d09-03157e4aa847','2eb766ea-b4fa-4614-abb4-1248ea395a19','customer','call_request.ended','ticket','99de0dab-9b67-4c80-9301-0c294ac39a48','{\"requestId\": \"fac4d1e8-1d14-11f1-9a77-40c2ba17e4f7\"}','2026-03-11 10:25:37'),('7e8ba1c7-30dd-43ae-85e1-5854ab85a63e','fab5d923-a0b6-4106-ab95-495aedf840fd','admin','admin.ticket.managed','ticket','18e285e1-3679-4e95-9552-7a5752bec1ef','{\"status\": \"open\", \"priority\": \"high\", \"assignedAgentId\": null, \"billingOverrideState\": \"cleared\"}','2026-03-18 06:04:59'),('7ffaff32-d023-4e2f-9d4f-879db16aad32','fab5d923-a0b6-4106-ab95-495aedf840fd','admin','ticket.quote.upserted','ticket','a50912d5-c9c8-462d-b5b8-0e24a9cbb97e','{\"note\": \"this is for full server rework\", \"currency\": \"INR\", \"quoteAmount\": 80000}','2026-03-17 06:54:43'),('81264609-c783-471e-ad02-881e6afaa6bb','a502f783-3c0e-466a-99d2-5bc8cec26028','agent','screen_share.started','ticket','3e6bf8f5-158c-4f23-b2c7-c4e6b00efa0a','{\"id\": \"84765c18-a328-4779-8dbd-ca5f5e8520ac\", \"status\": \"started\", \"ticketId\": \"3e6bf8f5-158c-4f23-b2c7-c4e6b00efa0a\"}','2026-03-03 06:05:45'),('813123cc-669e-48a6-b8b8-0f569ce684ba','37c05357-eed9-4154-8a51-94ff19022465','customer','ticket.message.create','ticket','4da3f6a0-7f0c-4307-800b-5a4a91e18e5a','{\"messageId\": \"9495e41f-9282-4cab-beee-37a0fd46a91d\"}','2026-02-18 09:07:19'),('8142164b-02e9-4807-94dd-01cb104290cd','a502f783-3c0e-466a-99d2-5bc8cec26028','agent','call_request.accepted','ticket','4da3f6a0-7f0c-4307-800b-5a4a91e18e5a','{\"requestId\": \"0e381e40-0e6a-11f1-8770-40c2ba17e4f7\"}','2026-02-25 10:10:17'),('8395e663-c085-446e-8887-58f8f6ecf2d5','a502f783-3c0e-466a-99d2-5bc8cec26028','agent','ticket.message.create','ticket','cadacc10-e9c9-401c-aca2-18308dc72de8','{\"via\": \"socket\", \"messageId\": \"5edc99bd-4f63-430d-8799-fe277ba2f3fa\"}','2026-03-13 07:05:37'),('85398395-9493-4bb1-bb89-d4e27eb03f40','12f99a44-4ab0-4df3-954c-d3c90b80d897','customer','ticket.message.create','ticket','e74b09eb-b110-41e2-a41b-404900e2df45','{\"via\": \"socket\", \"messageId\": \"93c5f899-6e4a-4f9b-9431-cd1012120fa0\"}','2026-03-11 10:49:38'),('85b8163d-c5da-4bf7-a257-7606c698532f','a502f783-3c0e-466a-99d2-5bc8cec26028','agent','ticket.updated','ticket','a50912d5-c9c8-462d-b5b8-0e24a9cbb97e','{\"status\": \"in_progress\", \"priority\": \"critical\"}','2026-03-17 06:56:38'),('85d4d543-131b-459e-9618-fc60eea517a9','a502f783-3c0e-466a-99d2-5bc8cec26028','agent','ticket.updated','ticket','4da3f6a0-7f0c-4307-800b-5a4a91e18e5a','{\"status\": \"in_progress\"}','2026-02-25 12:21:37'),('85f43d97-9098-4ab1-a129-dae5fe6ef7f6','37c05357-eed9-4154-8a51-94ff19022465','customer','screen_share.stopped','ticket','4da3f6a0-7f0c-4307-800b-5a4a91e18e5a','{\"id\": \"bd9c1870-469d-4527-b086-2005aa9c7b5a\", \"status\": \"stopped\", \"ticketId\": \"4da3f6a0-7f0c-4307-800b-5a4a91e18e5a\"}','2026-03-02 12:36:03'),('86868e20-e9e4-4a80-bd77-6347a80abffe','a502f783-3c0e-466a-99d2-5bc8cec26028','agent','screen_share.started','ticket','4da3f6a0-7f0c-4307-800b-5a4a91e18e5a','{\"id\": \"80613b42-bbf5-45bb-9cd8-b5fd440983b7\", \"status\": \"started\", \"ticketId\": \"4da3f6a0-7f0c-4307-800b-5a4a91e18e5a\"}','2026-03-02 13:22:40'),('884d4223-bf00-40db-8159-6368f9cf2f90','12f99a44-4ab0-4df3-954c-d3c90b80d897','customer','ticket.updated','ticket','e74b09eb-b110-41e2-a41b-404900e2df45','{\"incidentTypeSelected\": \"general\"}','2026-03-11 10:45:19'),('891706a2-2258-4fe6-bae2-3874c210237f','4f1858a2-e7f3-49e1-84c8-658506cad47f','customer','ticket.message.create','ticket','bf855668-4349-47dd-8183-17da606a8454','{\"via\": \"socket\", \"messageId\": \"7036e4b0-13b2-411a-bb86-ab87a4ec9ef6\"}','2026-03-17 04:19:27'),('896b93c4-e8b2-45c6-80b5-77a5af7ee277','2eb766ea-b4fa-4614-abb4-1248ea395a19','customer','ticket.message.create','ticket','99de0dab-9b67-4c80-9301-0c294ac39a48','{\"via\": \"socket\", \"messageId\": \"a5dc787c-91c5-4fb8-a205-35bcd2a9c00c\"}','2026-03-11 06:09:36'),('8aa3af80-e02f-4ff7-9880-63025397b00e','c3926061-a464-4a83-9223-f66278ab8910','customer','ticket.updated','ticket','a6849598-654a-4970-a502-79aaf6485e55','{\"incidentTypeSelected\": \"technical\"}','2026-03-03 09:48:09'),('8b568de5-bf53-47e6-9387-3c328cbde466','4f1858a2-e7f3-49e1-84c8-658506cad47f','customer','ticket.message.create','ticket','354b4dce-0ced-4233-8a4f-176ab95710cf','{\"via\": \"socket\", \"messageId\": \"4dba796c-a5b4-4b58-a0df-8d6dc39ed616\"}','2026-03-17 09:29:41'),('8c371203-11b9-485f-88de-7731c39d4539','ed78bfbe-03b9-408b-8efb-d7c59209a6a6','customer','ticket.created','ticket','691e134d-83ea-42b3-b9d8-aeb50718f311','{\"alias\": \"Customer #9ECF\", \"priority\": \"medium\"}','2026-03-17 10:06:47'),('8fb26554-e284-43bb-a3b8-37806fcc4050','4f1858a2-e7f3-49e1-84c8-658506cad47f','customer','ticket.created','ticket','354b4dce-0ced-4233-8a4f-176ab95710cf','{\"alias\": \"Customer #F16A\", \"priority\": \"medium\"}','2026-03-17 07:15:00'),('92a9c9cd-25d1-416e-971e-d7861f82445d','37c05357-eed9-4154-8a51-94ff19022465','customer','screen_share.started','ticket','4da3f6a0-7f0c-4307-800b-5a4a91e18e5a','{\"id\": \"9c025b9d-964a-4a99-8a4f-dfd6dd836897\", \"status\": \"started\", \"ticketId\": \"4da3f6a0-7f0c-4307-800b-5a4a91e18e5a\"}','2026-03-02 11:43:56'),('92f398a4-9707-4f5d-b81b-a09bfaf0a04f','37c05357-eed9-4154-8a51-94ff19022465','customer','call_request.ended','ticket','4da3f6a0-7f0c-4307-800b-5a4a91e18e5a','{\"requestId\": \"d1eb9da3-1250-11f1-8770-40c2ba17e4f7\"}','2026-03-02 10:14:12'),('947495f7-af38-4fd2-b329-62862142286d','ed78bfbe-03b9-408b-8efb-d7c59209a6a6','customer','ticket.updated','ticket','4b11c334-6b8c-4b06-87e0-232c3702ea67','{\"incidentTypeSelected\": \"technical\"}','2026-03-16 07:09:38'),('9510d414-1a84-4f48-9eee-cac7d317e68b','37c05357-eed9-4154-8a51-94ff19022465','customer','ticket.message.create','ticket','1af75b4b-2c73-447f-836c-3bbb1f0be906','{\"via\": \"socket\", \"messageId\": \"971ce8ac-1ef0-4ce9-8652-331723a37ae9\"}','2026-03-11 05:10:26'),('95db59c0-041c-4d39-bd5d-cecab44f255d','a502f783-3c0e-466a-99d2-5bc8cec26028','agent','call_request.ended','ticket','a6849598-654a-4970-a502-79aaf6485e55','{\"requestId\": \"00fc89c4-16fb-11f1-9a77-40c2ba17e4f7\"}','2026-03-03 12:22:45'),('9682f03b-01a5-4014-a788-9bcf0ab62653','a502f783-3c0e-466a-99d2-5bc8cec26028','agent','ticket.claimed','ticket','d98f8a91-dbd9-41fc-800b-97634944f695','{}','2026-02-12 10:05:52'),('96b9f28b-7b6a-47a8-83f7-1464e2be50cf','4f1858a2-e7f3-49e1-84c8-658506cad47f','customer','ticket.updated','ticket','06c08ecb-9785-4c0b-9c1a-d01408a86d45','{\"incidentTypeSelected\": \"password_reset\"}','2026-03-17 05:07:28'),('9824f279-bae1-475c-beda-8925a8f670ba','4f1858a2-e7f3-49e1-84c8-658506cad47f','customer','ticket.message.create','ticket','83e20aa4-1bba-4d83-b635-0e3b9df9f1a6','{\"via\": \"socket\", \"messageId\": \"5932264d-5ed0-473d-a56c-d0c78884dc4d\"}','2026-03-17 05:40:29'),('993d5255-e589-4095-b23e-b2999da4e108','a502f783-3c0e-466a-99d2-5bc8cec26028','agent','ticket.message.create','ticket','4da3f6a0-7f0c-4307-800b-5a4a91e18e5a','{\"messageId\": \"45ddef26-d418-4905-bc9d-876cd85fef17\"}','2026-02-20 09:51:38'),('9aeef546-6a7d-4c92-9bdd-f2e1bd71e6d5','37c05357-eed9-4154-8a51-94ff19022465','customer','ticket.updated','ticket','4da3f6a0-7f0c-4307-800b-5a4a91e18e5a','{\"incidentTypeSelected\": \"technical\"}','2026-03-02 11:19:20'),('9d75539e-ec6a-4ff6-bea3-6cf08b9fc26c','a502f783-3c0e-466a-99d2-5bc8cec26028','agent','ticket.message.create','ticket','d98f8a91-dbd9-41fc-800b-97634944f695','{\"messageId\": \"b3142462-5556-4c68-8822-1d947f6bd612\"}','2026-02-19 12:05:45'),('9e48e8df-a97c-45ae-947b-4bbc97bec296','a502f783-3c0e-466a-99d2-5bc8cec26028','agent','ticket.claimed','ticket','442d4cac-514e-4303-bb96-1be5b130928c','{}','2026-03-18 06:07:17'),('9f0e3a98-81e9-4500-aad7-bee2a1c596c0','a502f783-3c0e-466a-99d2-5bc8cec26028','agent','call_request.accepted','ticket','4da3f6a0-7f0c-4307-800b-5a4a91e18e5a','{\"requestId\": \"aa3f6421-1633-11f1-9a77-40c2ba17e4f7\"}','2026-03-02 12:32:30'),('a1e8c7c7-31a7-41bb-92cb-01bc980a40a9','12f99a44-4ab0-4df3-954c-d3c90b80d897','customer','ticket.updated','ticket','e74b09eb-b110-41e2-a41b-404900e2df45','{\"status\": \"closed\"}','2026-03-11 10:51:02'),('a43d2411-6363-4841-bce5-529049dc8efb','fab5d923-a0b6-4106-ab95-495aedf840fd','admin','admin.ticket.managed','ticket','18e285e1-3679-4e95-9552-7a5752bec1ef','{\"status\": \"open\", \"priority\": \"high\", \"assignedAgentId\": null, \"billingOverrideState\": \"system\"}','2026-03-18 06:09:34'),('a96029f9-e33a-4fe5-9274-bd6ad18ee63b','a502f783-3c0e-466a-99d2-5bc8cec26028','agent','ticket.message.create','ticket','4da3f6a0-7f0c-4307-800b-5a4a91e18e5a','{\"via\": \"socket\", \"messageId\": \"b88d2982-48d8-4628-a351-8a8c0ce42308\"}','2026-03-02 11:52:35'),('abb34922-79ce-487b-a207-4d2ebb279153','37c05357-eed9-4154-8a51-94ff19022465','customer','ticket.message.create','ticket','4da3f6a0-7f0c-4307-800b-5a4a91e18e5a','{\"via\": \"socket\", \"messageId\": \"949dd22d-3114-44f7-92d6-93f27b55b269\"}','2026-02-24 10:23:44'),('ac068a23-7707-4894-8fa1-0d549adfcfaf','12f99a44-4ab0-4df3-954c-d3c90b80d897','customer','screen_share.started','ticket','e74b09eb-b110-41e2-a41b-404900e2df45','{\"id\": \"eb062fae-608d-4af5-bfab-00ccb5936909\", \"status\": \"started\", \"ticketId\": \"e74b09eb-b110-41e2-a41b-404900e2df45\"}','2026-03-11 10:49:04'),('ad206c6e-61ba-4e14-950a-7ef539a674b7','a502f783-3c0e-466a-99d2-5bc8cec26028','agent','ticket.message.create','ticket','1af75b4b-2c73-447f-836c-3bbb1f0be906','{\"via\": \"socket\", \"messageId\": \"bccfa8b5-950a-4ac0-9ec5-c5f409c1f585\"}','2026-03-11 05:57:44'),('ad238bf0-3f69-4734-9108-9de8a894c27d','a502f783-3c0e-466a-99d2-5bc8cec26028','agent','ticket.message.create','ticket','d98f8a91-dbd9-41fc-800b-97634944f695','{\"messageId\": \"0bb99f03-3fc2-4263-9179-c52dbd8f6170\"}','2026-02-19 12:09:22'),('ad975a80-d327-458e-8c82-53bc26f00b84','a502f783-3c0e-466a-99d2-5bc8cec26028','agent','ticket.claimed','ticket','4b11c334-6b8c-4b06-87e0-232c3702ea67','{}','2026-03-16 07:11:09'),('ae8aa815-ea9b-431f-87a7-88b3002ab4da','4f1858a2-e7f3-49e1-84c8-658506cad47f','customer','ticket.created','ticket','06c08ecb-9785-4c0b-9c1a-d01408a86d45','{\"alias\": \"Customer #BBD3\", \"priority\": \"medium\"}','2026-03-17 05:07:19'),('b0c331c6-c2ef-4e8e-8f54-56c5427b569a','a502f783-3c0e-466a-99d2-5bc8cec26028','agent','ticket.message.create','ticket','4da3f6a0-7f0c-4307-800b-5a4a91e18e5a','{\"via\": \"socket\", \"messageId\": \"b46eb739-94f2-473a-83fb-e4072b64ef71\"}','2026-03-02 12:34:17'),('b0f4e52a-62f8-4e09-ab80-9ce0b32e7cb8','a502f783-3c0e-466a-99d2-5bc8cec26028','agent','ticket.updated','ticket','a6849598-654a-4970-a502-79aaf6485e55','{\"status\": \"in_progress\"}','2026-03-03 11:09:58'),('b149f3ad-c009-4062-8311-39efd17018df','a502f783-3c0e-466a-99d2-5bc8cec26028','agent','screen_share.started','ticket','a6849598-654a-4970-a502-79aaf6485e55','{\"id\": \"7652dcfe-ebd6-4686-aac1-100d6ed45f29\", \"status\": \"started\", \"ticketId\": \"a6849598-654a-4970-a502-79aaf6485e55\"}','2026-03-03 12:29:09'),('b196b21b-7117-4fe6-a723-9bc66b4964f9','a502f783-3c0e-466a-99d2-5bc8cec26028','agent','call_request.accepted','ticket','425d0e20-34ec-4255-a8e9-156157d724aa','{\"requestId\": \"348c443d-16fc-11f1-9a77-40c2ba17e4f7\"}','2026-03-10 10:16:36'),('b25d30e4-4f1a-4c8e-a96f-4efa9e7afb78','37c05357-eed9-4154-8a51-94ff19022465','customer','ticket.message.create','ticket','4da3f6a0-7f0c-4307-800b-5a4a91e18e5a','{\"via\": \"socket\", \"messageId\": \"709420f9-a64c-442f-94ad-414e7054dc4e\"}','2026-02-24 10:24:00'),('b39ebf48-12d8-445c-99f3-6fc191c657dd','fab5d923-a0b6-4106-ab95-495aedf840fd','admin','admin.ticket.managed','ticket','442d4cac-514e-4303-bb96-1be5b130928c','{\"status\": \"in_progress\", \"priority\": \"medium\", \"assignedAgentId\": \"a502f783-3c0e-466a-99d2-5bc8cec26028\", \"billingOverrideState\": \"blocked\"}','2026-03-18 06:07:54'),('b6b8062f-48f2-4dc3-85c9-2f6e05ee4dc6','8436076b-870a-43a3-8cc6-b7cb3091482b','customer','ticket.created','ticket','41b61f64-695a-4f6e-9c33-b5c2bd7bd9a9','{\"alias\": \"Customer #72D9\", \"priority\": \"medium\"}','2026-03-17 11:56:11'),('b8ecf99c-6199-43c5-96d5-18101c02503f','a502f783-3c0e-466a-99d2-5bc8cec26028','agent','call_request.ended','ticket','a6849598-654a-4970-a502-79aaf6485e55','{\"requestId\": \"3a1bc8de-16f5-11f1-9a77-40c2ba17e4f7\"}','2026-03-03 11:38:51'),('b92f6c1c-f2a0-43af-bf04-7ea248bf67d0','ed78bfbe-03b9-408b-8efb-d7c59209a6a6','customer','ticket.created','ticket','4b11c334-6b8c-4b06-87e0-232c3702ea67','{\"alias\": \"Customer #D02D\", \"priority\": \"medium\"}','2026-03-16 06:48:52'),('b92f6fa3-d1f7-4bb7-aed3-ac56490c2072','a502f783-3c0e-466a-99d2-5bc8cec26028','agent','call_request.accepted','ticket','1af75b4b-2c73-447f-836c-3bbb1f0be906','{\"requestId\": \"d79f0e8b-1d0e-11f1-9a77-40c2ba17e4f7\"}','2026-03-11 05:55:32'),('bc2f6fbc-6bd1-41a9-acb0-02c41f393071','a502f783-3c0e-466a-99d2-5bc8cec26028','agent','call_request.ended','ticket','a6849598-654a-4970-a502-79aaf6485e55','{\"requestId\": \"90d94d78-16f5-11f1-9a77-40c2ba17e4f7\"}','2026-03-03 11:39:58'),('bc3355d4-520f-4d03-b420-e42ca60b2804','c3926061-a464-4a83-9223-f66278ab8910','customer','ticket.message.create','ticket','a6849598-654a-4970-a502-79aaf6485e55','{\"via\": \"socket\", \"messageId\": \"85b53170-ca22-4e2d-b829-8db78fd06555\"}','2026-03-03 09:51:57'),('bdf0cbad-5fa1-4760-a1e4-e4a4dfa8dbe3','a502f783-3c0e-466a-99d2-5bc8cec26028','agent','call_request.accepted','ticket','a6849598-654a-4970-a502-79aaf6485e55','{\"requestId\": \"722fb7fe-16fc-11f1-9a77-40c2ba17e4f7\"}','2026-03-03 12:28:18'),('be8e43ca-7a7b-4b36-86c2-c065eaf734c2','4f1858a2-e7f3-49e1-84c8-658506cad47f','customer','ticket.created','ticket','ee9390dd-2276-4bb6-a590-7ca335e81515','{\"alias\": \"Customer #B57C\", \"priority\": \"medium\"}','2026-03-17 05:13:44'),('c39a3151-60d4-46c7-8f6a-b1426cf94873','a502f783-3c0e-466a-99d2-5bc8cec26028','agent','ticket.message.create','ticket','e74b09eb-b110-41e2-a41b-404900e2df45','{\"via\": \"socket\", \"messageId\": \"7c179078-bc0f-433f-b363-1ca2a6e31cc5\"}','2026-03-11 10:49:52'),('c54bd688-7aa6-419d-a6b1-ea9dc324d38c','4f1858a2-e7f3-49e1-84c8-658506cad47f','customer','ticket.created','ticket','cadacc10-e9c9-401c-aca2-18308dc72de8','{\"alias\": \"Customer #4865\"}','2026-03-13 07:02:29'),('c5f401a4-d98f-4353-b9b0-c90f3541750a','37c05357-eed9-4154-8a51-94ff19022465','customer','ticket.message.create','ticket','1af75b4b-2c73-447f-836c-3bbb1f0be906','{\"via\": \"socket\", \"messageId\": \"4019bebc-4ed4-4dca-99e5-c07e161e41ca\"}','2026-03-11 05:54:43'),('c7585572-f095-46c6-b6a5-268ae24f7ad8','c3926061-a464-4a83-9223-f66278ab8910','customer','call_request.ended','ticket','a6849598-654a-4970-a502-79aaf6485e55','{\"requestId\": \"722fb7fe-16fc-11f1-9a77-40c2ba17e4f7\"}','2026-03-03 12:30:48'),('c7db78c1-6aa1-48ec-b170-026113b10e95','a502f783-3c0e-466a-99d2-5bc8cec26028','agent','ticket.message.create','ticket','99de0dab-9b67-4c80-9301-0c294ac39a48','{\"via\": \"socket\", \"messageId\": \"b60e00ed-df8c-44d0-bb18-6e05e23f3d6a\"}','2026-03-11 10:24:56'),('c8316a07-462b-4dcc-ab77-93bb7acc34ee','37c05357-eed9-4154-8a51-94ff19022465','customer','screen_share.stopped','ticket','1af75b4b-2c73-447f-836c-3bbb1f0be906','{\"id\": \"60698e6a-c524-47d9-a474-8ab94f3aeaf9\", \"status\": \"stopped\", \"ticketId\": \"1af75b4b-2c73-447f-836c-3bbb1f0be906\"}','2026-03-11 05:57:15'),('c947aead-2ddc-4fd0-b7ec-8ff5dcc8f4db','a502f783-3c0e-466a-99d2-5bc8cec26028','agent','ticket.message.create','ticket','4da3f6a0-7f0c-4307-800b-5a4a91e18e5a','{\"via\": \"socket\", \"messageId\": \"81b5f3f2-6ad5-490a-9fc2-d07e297503c4\"}','2026-02-24 11:04:11'),('ca5fb3ed-817d-4c1e-b589-99cadc0fb77d','a502f783-3c0e-466a-99d2-5bc8cec26028','agent','ticket.message.create','ticket','4da3f6a0-7f0c-4307-800b-5a4a91e18e5a','{\"messageId\": \"0dd50113-4e4d-4d85-868a-417ac330b7f7\"}','2026-02-20 09:53:37'),('ca6428df-7b87-470d-8e4c-96a2ef2f9fb4','a502f783-3c0e-466a-99d2-5bc8cec26028','agent','ticket.message.create','ticket','4da3f6a0-7f0c-4307-800b-5a4a91e18e5a','{\"messageId\": \"7b40fe70-f80d-4f42-a4e2-f74ead0f2b6f\"}','2026-02-20 15:20:46'),('cb55e8b7-ff00-4e8f-9e6f-8257fbd9274b','fab5d923-a0b6-4106-ab95-495aedf840fd','admin','ticket.quote.upserted','ticket','a50912d5-c9c8-462d-b5b8-0e24a9cbb97e','{\"note\": \"this is for full server rework\", \"currency\": \"INR\", \"quoteAmount\": 100000}','2026-03-17 06:53:14'),('ccdc586f-38e6-448d-b2e2-37b817b59684','a502f783-3c0e-466a-99d2-5bc8cec26028','agent','ticket.claimed','ticket','425d0e20-34ec-4255-a8e9-156157d724aa','{}','2026-03-03 12:27:10'),('ce6c715f-a90f-4c1b-87cc-3010d46281b6','a502f783-3c0e-466a-99d2-5bc8cec26028','agent','ticket.message.create','ticket','4da3f6a0-7f0c-4307-800b-5a4a91e18e5a','{\"via\": \"socket\", \"messageId\": \"5f846981-bd83-484d-8deb-0db3dd31b2d8\"}','2026-02-24 10:23:54'),('d0ca1c0d-ac8b-407f-a4cb-5038cdfc16a5','4f1858a2-e7f3-49e1-84c8-658506cad47f','customer','ticket.message.create','ticket','a50912d5-c9c8-462d-b5b8-0e24a9cbb97e','{\"via\": \"socket\", \"messageId\": \"3043e753-d59c-46dd-b88e-caa2661b67cb\"}','2026-03-17 06:52:04'),('d0fa5ac2-6560-4651-a127-655e36d5ed32','a502f783-3c0e-466a-99d2-5bc8cec26028','agent','screen_share.stopped','ticket','a6849598-654a-4970-a502-79aaf6485e55','{\"id\": \"3b99e0ce-c78b-44bf-9ddd-317791659596\", \"status\": \"stopped\", \"ticketId\": \"a6849598-654a-4970-a502-79aaf6485e55\"}','2026-03-03 12:29:53'),('d2318ee3-3e67-46d9-9e3d-ea55eac51df8','a502f783-3c0e-466a-99d2-5bc8cec26028','agent','call_request.ended','ticket','a6849598-654a-4970-a502-79aaf6485e55','{\"requestId\": \"d0db9c8c-16fc-11f1-9a77-40c2ba17e4f7\"}','2026-03-03 12:31:37'),('d36a45e2-1137-447e-a2c6-02d9c0844d29','37c05357-eed9-4154-8a51-94ff19022465','customer','call_request.end','call_request','e8636ada-124f-11f1-8770-40c2ba17e4f7','{\"ticketId\": \"4da3f6a0-7f0c-4307-800b-5a4a91e18e5a\"}','2026-02-25 13:43:20'),('d3c07ba9-4442-4b7c-97f8-3dee25615500','a502f783-3c0e-466a-99d2-5bc8cec26028','agent','ticket.claimed','ticket','a50912d5-c9c8-462d-b5b8-0e24a9cbb97e','{}','2026-03-17 06:56:09'),('d3ed76da-df57-4dd4-a205-fe6692f57157','a502f783-3c0e-466a-99d2-5bc8cec26028','agent','ticket.claimed','ticket','2f86bc66-b308-4802-88c9-ac4bd34b8612','{}','2026-03-17 11:46:33'),('d5149ecc-7541-4780-9fa7-703b6bc687bb','fab5d923-a0b6-4106-ab95-495aedf840fd','admin','ticket.created','ticket','fc358314-8d9a-4a80-924e-e91d23c7e6ee','{\"alias\": \"Customer #0806\"}','2026-02-20 09:46:25'),('d6e75cda-13c3-4608-8c31-babe674126f7','4f1858a2-e7f3-49e1-84c8-658506cad47f','customer','ticket.created','ticket','31d75752-16ce-4530-9bd7-262971372417','{\"alias\": \"Customer #2BF0\", \"priority\": \"medium\"}','2026-03-17 06:34:41'),('d70ef37a-455a-4b5c-a89a-ffb2ae2b47da','37c05357-eed9-4154-8a51-94ff19022465','customer','ticket.message.create','ticket','1af75b4b-2c73-447f-836c-3bbb1f0be906','{\"via\": \"socket\", \"messageId\": \"4dd20c05-9efc-4fae-b432-43977651c6fc\"}','2026-03-11 05:54:58'),('d75da73a-aa71-47d7-b916-7de002549c81','fab5d923-a0b6-4106-ab95-495aedf840fd','admin','ticket.message.create','ticket','d98f8a91-dbd9-41fc-800b-97634944f695','{\"messageId\": \"34bc8c63-d051-4fcc-b696-46aa9c40cfda\"}','2026-02-19 12:07:39'),('d77f1ef4-6412-49fb-99ea-3809edb6e27f','a502f783-3c0e-466a-99d2-5bc8cec26028','agent','ticket.message.create','ticket','e74b09eb-b110-41e2-a41b-404900e2df45','{\"via\": \"socket\", \"messageId\": \"24e86539-51d2-4eae-9cb6-84256799f81e\"}','2026-03-11 10:46:58'),('d78ef1b2-4068-4ef4-88c8-9a0265cd6bd8','a502f783-3c0e-466a-99d2-5bc8cec26028','agent','call_request.accepted','ticket','6e755938-36db-4be2-9e19-d91cdb37a0c6','{\"requestId\": \"554867d5-1ea9-11f1-9a77-40c2ba17e4f7\"}','2026-03-13 06:53:32'),('d7c35064-05b3-4d3e-98e1-e0e90b6a9017','a502f783-3c0e-466a-99d2-5bc8cec26028','agent','ticket.message.create','ticket','4da3f6a0-7f0c-4307-800b-5a4a91e18e5a','{\"messageId\": \"01dbbe26-1aea-4758-84b8-a6e6b6471bb1\"}','2026-02-24 09:28:39'),('d7f21175-9d40-43a8-a62f-50c01543bee0','a502f783-3c0e-466a-99d2-5bc8cec26028','agent','ticket.updated','ticket','4da3f6a0-7f0c-4307-800b-5a4a91e18e5a','{\"status\": \"waiting_customer\"}','2026-03-02 11:44:29'),('d831f403-4c89-43ed-a746-af21aadd37bd','a502f783-3c0e-466a-99d2-5bc8cec26028','agent','ticket.message.create','ticket','e74b09eb-b110-41e2-a41b-404900e2df45','{\"via\": \"socket\", \"messageId\": \"6f01aaf5-cecf-456d-ba00-fa624607d4c7\"}','2026-03-11 10:48:39'),('dad929c8-58ca-4751-9cfe-86366996ee01','a502f783-3c0e-466a-99d2-5bc8cec26028','agent','call_request.accepted','ticket','a6849598-654a-4970-a502-79aaf6485e55','{\"requestId\": \"43243341-16e6-11f1-9a77-40c2ba17e4f7\"}','2026-03-03 09:49:31'),('dc274f77-9a70-4f90-926a-8bb701959e67','a502f783-3c0e-466a-99d2-5bc8cec26028','agent','ticket.message.create','ticket','4da3f6a0-7f0c-4307-800b-5a4a91e18e5a','{\"messageId\": \"560df0dd-b2c6-454a-b023-675514caff69\"}','2026-02-24 10:13:32'),('dc69bf54-8e32-40cd-89be-fd296346664c','a502f783-3c0e-466a-99d2-5bc8cec26028','agent','ticket.claimed','ticket','1af75b4b-2c73-447f-836c-3bbb1f0be906','{}','2026-03-11 05:11:13'),('dd8ad59b-e126-4ce9-8f36-a5a5ba3ec8cb','a502f783-3c0e-466a-99d2-5bc8cec26028','agent','ticket.message.create','ticket','a6849598-654a-4970-a502-79aaf6485e55','{\"via\": \"socket\", \"messageId\": \"eb5ada7f-4562-478b-a515-745f2bb8d2eb\"}','2026-03-03 11:07:49'),('df019683-ce3a-4d43-87e7-ac3d181c91d1','a502f783-3c0e-466a-99d2-5bc8cec26028','agent','call_request.ended','ticket','4da3f6a0-7f0c-4307-800b-5a4a91e18e5a','{\"requestId\": \"0e381e40-0e6a-11f1-8770-40c2ba17e4f7\"}','2026-02-25 12:20:07'),('e06b9022-e409-468c-a838-af2cd33d2c0f','a502f783-3c0e-466a-99d2-5bc8cec26028','agent','call_request.accepted','ticket','cadacc10-e9c9-401c-aca2-18308dc72de8','{\"requestId\": \"50c62c2d-1eab-11f1-9a77-40c2ba17e4f7\"}','2026-03-13 07:07:40'),('e1e5bc4a-f83a-4857-957b-9d36a8916902','a502f783-3c0e-466a-99d2-5bc8cec26028','agent','ticket.claimed','ticket','aa476ec4-f90e-4608-8269-66fa948aad6b','{}','2026-03-17 11:45:52'),('e1f35384-1512-4d55-a7f3-4f3399afaa9c','a502f783-3c0e-466a-99d2-5bc8cec26028','agent','call_request.ended','ticket','4da3f6a0-7f0c-4307-800b-5a4a91e18e5a','{\"requestId\": \"9aca5afd-163a-11f1-9a77-40c2ba17e4f7\"}','2026-03-02 13:24:55'),('e2b99a61-6fee-43eb-9fe2-b71654df5984','4f1858a2-e7f3-49e1-84c8-658506cad47f','customer','ticket.message.create','ticket','cadacc10-e9c9-401c-aca2-18308dc72de8','{\"via\": \"socket\", \"messageId\": \"46c08cf4-1fb4-44d0-bc20-a58e064a3627\"}','2026-03-13 07:05:14'),('e504d061-570b-4f8d-9a7d-8c2e4513841b','fab5d923-a0b6-4106-ab95-495aedf840fd','admin','admin.ticket.managed','ticket','18e285e1-3679-4e95-9552-7a5752bec1ef','{\"status\": \"open\", \"priority\": \"high\", \"assignedAgentId\": \"a502f783-3c0e-466a-99d2-5bc8cec26028\"}','2026-03-18 04:57:11'),('e54ee7b7-b3e7-4efa-9e7a-ddb0b0281667','4f1858a2-e7f3-49e1-84c8-658506cad47f','customer','ticket.created','ticket','32ec3ff9-5a75-4f29-a895-ec986c6f4cd1','{\"alias\": \"Customer #2C16\", \"priority\": \"medium\"}','2026-03-17 06:38:36'),('e60c4309-7ac1-42c9-b698-a06801294114','37c05357-eed9-4154-8a51-94ff19022465','customer','ticket.message.create','ticket','4da3f6a0-7f0c-4307-800b-5a4a91e18e5a','{\"messageId\": \"a02735f2-b827-4d56-a926-9ad2bdad08be\"}','2026-02-24 09:28:50'),('e6d5e488-4280-4961-947f-03d3a59279a3','a502f783-3c0e-466a-99d2-5bc8cec26028','agent','call_request.accepted','ticket','4da3f6a0-7f0c-4307-800b-5a4a91e18e5a','{\"requestId\": \"d1eb9da3-1250-11f1-8770-40c2ba17e4f7\"}','2026-02-25 13:49:45'),('e7aa2389-c02c-43c6-b2b6-f3e84530655c','a502f783-3c0e-466a-99d2-5bc8cec26028','agent','call_request.accepted','ticket','99de0dab-9b67-4c80-9301-0c294ac39a48','{\"requestId\": \"fac4d1e8-1d14-11f1-9a77-40c2ba17e4f7\"}','2026-03-11 06:39:00'),('e861be18-f018-40a2-8dd5-cb1e2cf9d2a7','a502f783-3c0e-466a-99d2-5bc8cec26028','agent','call_request.accepted','ticket','a6849598-654a-4970-a502-79aaf6485e55','{\"requestId\": \"00fc89c4-16fb-11f1-9a77-40c2ba17e4f7\"}','2026-03-03 12:17:56'),('ec26cd92-1c07-443b-b50a-8979c4948461','a502f783-3c0e-466a-99d2-5bc8cec26028','agent','ticket.message.create','ticket','cadacc10-e9c9-401c-aca2-18308dc72de8','{\"via\": \"socket\", \"messageId\": \"ba722cb6-4fd5-4300-bae1-d08428d85094\"}','2026-03-13 07:05:08'),('edf18936-7b04-4285-b2ca-f7e4d397385a','fab5d923-a0b6-4106-ab95-495aedf840fd','admin','ticket.message.create','ticket','d98f8a91-dbd9-41fc-800b-97634944f695','{\"messageId\": \"c2d69086-164a-4c02-9bf5-f0b5c2d818d9\"}','2026-02-19 12:07:15'),('ee2faacf-9c99-4f27-9125-7d07fa5cdbe7','37c05357-eed9-4154-8a51-94ff19022465','customer','ticket.updated','ticket','3e6bf8f5-158c-4f23-b2c7-c4e6b00efa0a','{\"incidentTypeSelected\": \"technical\"}','2026-03-03 06:03:08'),('eeb251f0-4e15-4603-8541-62ed9a35f5af','a502f783-3c0e-466a-99d2-5bc8cec26028','agent','ticket.updated','ticket','4da3f6a0-7f0c-4307-800b-5a4a91e18e5a','{\"status\": \"resolved\"}','2026-03-02 13:24:30'),('eefe6631-0f9a-44b6-9075-57efae6ce872','fab5d923-a0b6-4106-ab95-495aedf840fd','admin','ticket.message.create','ticket','d98f8a91-dbd9-41fc-800b-97634944f695','{\"messageId\": \"1709c2c4-11fb-4ecd-9a03-a5c996b3cf91\"}','2026-02-19 12:10:01'),('f11d3045-efbe-4e32-8165-f0ac14d4b8f5','a502f783-3c0e-466a-99d2-5bc8cec26028','agent','call_request.accepted','ticket','a6849598-654a-4970-a502-79aaf6485e55','{\"requestId\": \"3a1bc8de-16f5-11f1-9a77-40c2ba17e4f7\"}','2026-03-03 11:36:40'),('f14329d2-fbcd-453c-a39c-45037e3e288f','a502f783-3c0e-466a-99d2-5bc8cec26028','agent','call_request.accepted','ticket','99de0dab-9b67-4c80-9301-0c294ac39a48','{\"requestId\": \"fac4d1e8-1d14-11f1-9a77-40c2ba17e4f7\"}','2026-03-11 07:01:35'),('f1880e9f-9805-4fd3-8618-a9e0af8c07c1','a502f783-3c0e-466a-99d2-5bc8cec26028','agent','call_request.accepted','ticket','a6849598-654a-4970-a502-79aaf6485e55','{\"requestId\": \"0693edb1-16f8-11f1-9a77-40c2ba17e4f7\"}','2026-03-03 11:57:39'),('f30142b6-17a3-467f-89d6-37bb81fa184c','ed78bfbe-03b9-408b-8efb-d7c59209a6a6','customer','ticket.updated','ticket','4b11c334-6b8c-4b06-87e0-232c3702ea67','{\"incidentTypeSelected\": \"general\"}','2026-03-16 07:09:45'),('f45227c8-5aed-4da0-ba42-1f2d8b268fe9','a502f783-3c0e-466a-99d2-5bc8cec26028','agent','call_request.accepted','ticket','3e6bf8f5-158c-4f23-b2c7-c4e6b00efa0a','{\"requestId\": \"ed022527-16c6-11f1-9a77-40c2ba17e4f7\"}','2026-03-03 06:05:12'),('f492624b-1d30-4c1d-b579-a4bcbdcbd32f','37c05357-eed9-4154-8a51-94ff19022465','customer','ticket.message.create','ticket','4da3f6a0-7f0c-4307-800b-5a4a91e18e5a','{\"via\": \"socket\", \"messageId\": \"a0498dab-bd93-4a6c-8bc1-fb6e32e8b421\"}','2026-03-02 13:15:49'),('f524666e-8a99-49bb-84c6-eda611ae51d0','fab5d923-a0b6-4106-ab95-495aedf840fd','admin','ticket.updated','ticket','83e20aa4-1bba-4d83-b635-0e3b9df9f1a6','{\"status\": \"open\", \"priority\": \"critical\"}','2026-03-17 05:41:50'),('f5acb088-5cb0-4ef1-80c7-52e691801a8f','a502f783-3c0e-466a-99d2-5bc8cec26028','agent','ticket.message.create','ticket','4da3f6a0-7f0c-4307-800b-5a4a91e18e5a','{\"via\": \"socket\", \"messageId\": \"69b43032-edec-4976-9572-5185b1962175\"}','2026-02-24 10:27:18'),('f697a1f4-6254-48f9-9d62-8adc96b7bdb2','a502f783-3c0e-466a-99d2-5bc8cec26028','agent','ticket.message.create','ticket','1af75b4b-2c73-447f-836c-3bbb1f0be906','{\"via\": \"socket\", \"messageId\": \"323f45e3-5ed6-40a5-8b60-5caf498c4bc6\"}','2026-03-11 05:54:23'),('f6fcf39a-1623-48b9-abe7-50fbcb2d991c','ed78bfbe-03b9-408b-8efb-d7c59209a6a6','customer','ticket.created','ticket','c0df7164-a30f-4f97-92e0-5d2f405ec3e0','{\"alias\": \"Customer #3B66\", \"priority\": \"medium\"}','2026-03-17 11:08:23'),('fabc0cc6-6106-44d8-b73e-e2a1e91abfd8','fab5d923-a0b6-4106-ab95-495aedf840fd','customer','ticket.created','ticket','d98f8a91-dbd9-41fc-800b-97634944f695','{\"alias\": \"Customer #282F\"}','2026-02-12 09:08:30'),('fadd3108-dfb7-4da8-a903-9a803693fd07','2533e2bd-c8d2-40b6-9635-ddf222d4d207','customer','ticket.created','ticket','11d71a72-923d-4dc7-976c-f5a17848d1cf','{\"alias\": \"Customer #736E\", \"priority\": \"medium\"}','2026-03-16 11:49:33'),('faf672c2-c166-4a41-b154-1967341eb0e9','a502f783-3c0e-466a-99d2-5bc8cec26028','agent','ticket.message.create','ticket','4da3f6a0-7f0c-4307-800b-5a4a91e18e5a','{\"via\": \"socket\", \"messageId\": \"72c33239-541f-4571-aa98-d04b17f2ae73\"}','2026-02-24 11:03:40');
/*!40000 ALTER TABLE `audit_logs` ENABLE KEYS */;
UNLOCK TABLES;

--
-- Table structure for table `billing_customers`
--

DROP TABLE IF EXISTS `billing_customers`;
/*!40101 SET @saved_cs_client     = @@character_set_client */;
/*!50503 SET character_set_client = utf8mb4 */;
CREATE TABLE `billing_customers` (
  `account_id` char(36) COLLATE utf8mb4_unicode_ci NOT NULL,
  `stripe_customer_id` varchar(128) COLLATE utf8mb4_unicode_ci DEFAULT NULL,
  `razorpay_customer_id` varchar(64) COLLATE utf8mb4_unicode_ci DEFAULT NULL,
  `razorpay_token_id` varchar(64) COLLATE utf8mb4_unicode_ci DEFAULT NULL,
  `default_payment_method_id` varchar(128) COLLATE utf8mb4_unicode_ci DEFAULT NULL,
  `saved_card_enabled` tinyint(1) NOT NULL DEFAULT '0',
  `created_at` timestamp NOT NULL DEFAULT CURRENT_TIMESTAMP,
  `updated_at` timestamp NOT NULL DEFAULT CURRENT_TIMESTAMP ON UPDATE CURRENT_TIMESTAMP,
  PRIMARY KEY (`account_id`),
  CONSTRAINT `fk_billing_customers_account` FOREIGN KEY (`account_id`) REFERENCES `accounts` (`id`) ON DELETE CASCADE
) ENGINE=InnoDB DEFAULT CHARSET=utf8mb4 COLLATE=utf8mb4_unicode_ci;
/*!40101 SET character_set_client = @saved_cs_client */;

--
-- Dumping data for table `billing_customers`
--

LOCK TABLES `billing_customers` WRITE;
/*!40000 ALTER TABLE `billing_customers` DISABLE KEYS */;
INSERT INTO `billing_customers` VALUES ('d3eb762a-011d-4a04-87ac-f08f0818beea',NULL,NULL,NULL,NULL,0,'2026-03-02 10:09:19','2026-03-02 11:39:38');
/*!40000 ALTER TABLE `billing_customers` ENABLE KEYS */;
UNLOCK TABLES;

--
-- Table structure for table `billing_webhook_events`
--

DROP TABLE IF EXISTS `billing_webhook_events`;
/*!40101 SET @saved_cs_client     = @@character_set_client */;
/*!50503 SET character_set_client = utf8mb4 */;
CREATE TABLE `billing_webhook_events` (
  `id` char(36) COLLATE utf8mb4_unicode_ci NOT NULL,
  `provider` varchar(20) COLLATE utf8mb4_unicode_ci NOT NULL,
  `event_id` varchar(128) COLLATE utf8mb4_unicode_ci NOT NULL,
  `received_at` timestamp NOT NULL DEFAULT CURRENT_TIMESTAMP,
  PRIMARY KEY (`id`),
  UNIQUE KEY `uq_billing_webhook_event` (`provider`,`event_id`)
) ENGINE=InnoDB DEFAULT CHARSET=utf8mb4 COLLATE=utf8mb4_unicode_ci;
/*!40101 SET character_set_client = @saved_cs_client */;

--
-- Dumping data for table `billing_webhook_events`
--

LOCK TABLES `billing_webhook_events` WRITE;
/*!40000 ALTER TABLE `billing_webhook_events` DISABLE KEYS */;
/*!40000 ALTER TABLE `billing_webhook_events` ENABLE KEYS */;
UNLOCK TABLES;

--
-- Table structure for table `call_requests`
--

DROP TABLE IF EXISTS `call_requests`;
/*!40101 SET @saved_cs_client     = @@character_set_client */;
/*!50503 SET character_set_client = utf8mb4 */;
CREATE TABLE `call_requests` (
  `id` char(36) COLLATE utf8mb4_unicode_ci NOT NULL,
  `ticket_id` char(36) COLLATE utf8mb4_unicode_ci NOT NULL,
  `type` varchar(16) COLLATE utf8mb4_unicode_ci NOT NULL,
  `requested_by` varchar(20) COLLATE utf8mb4_unicode_ci NOT NULL,
  `status` varchar(20) COLLATE utf8mb4_unicode_ci NOT NULL DEFAULT 'pending',
  `created_at` timestamp NOT NULL DEFAULT CURRENT_TIMESTAMP,
  `updated_at` timestamp NOT NULL DEFAULT CURRENT_TIMESTAMP ON UPDATE CURRENT_TIMESTAMP,
  PRIMARY KEY (`id`),
  KEY `idx_callreq_ticket` (`ticket_id`),
  KEY `idx_callreq_status` (`status`),
  CONSTRAINT `fk_callreq_ticket` FOREIGN KEY (`ticket_id`) REFERENCES `tickets` (`id`) ON DELETE CASCADE
) ENGINE=InnoDB DEFAULT CHARSET=utf8mb4 COLLATE=utf8mb4_unicode_ci;
/*!40101 SET character_set_client = @saved_cs_client */;

--
-- Dumping data for table `call_requests`
--

LOCK TABLES `call_requests` WRITE;
/*!40000 ALTER TABLE `call_requests` DISABLE KEYS */;
INSERT INTO `call_requests` VALUES ('00fc89c4-16fb-11f1-9a77-40c2ba17e4f7','a6849598-654a-4970-a502-79aaf6485e55','video','customer','ended','2026-03-03 12:17:53','2026-03-03 12:22:45'),('01383f55-0caf-11f1-8770-40c2ba17e4f7','4da3f6a0-7f0c-4307-800b-5a4a91e18e5a','video','customer','pending','2026-02-18 09:48:40','2026-02-18 09:48:40'),('0693edb1-16f8-11f1-9a77-40c2ba17e4f7','a6849598-654a-4970-a502-79aaf6485e55','video','customer','ended','2026-03-03 11:56:34','2026-03-03 11:59:32'),('0e381e40-0e6a-11f1-8770-40c2ba17e4f7','4da3f6a0-7f0c-4307-800b-5a4a91e18e5a','video','customer','ended','2026-02-20 14:40:09','2026-02-25 12:20:07'),('348c443d-16fc-11f1-9a77-40c2ba17e4f7','425d0e20-34ec-4255-a8e9-156157d724aa','video','customer','ended','2026-03-03 12:26:29','2026-03-10 10:17:02'),('34bca41e-0caf-11f1-8770-40c2ba17e4f7','4da3f6a0-7f0c-4307-800b-5a4a91e18e5a','voice','customer','pending','2026-02-18 09:50:06','2026-02-18 09:50:06'),('3a1bc8de-16f5-11f1-9a77-40c2ba17e4f7','a6849598-654a-4970-a502-79aaf6485e55','video','customer','ended','2026-03-03 11:36:32','2026-03-03 11:38:51'),('3abe401f-16f0-11f1-9a77-40c2ba17e4f7','a6849598-654a-4970-a502-79aaf6485e55','video','customer','ended','2026-03-03 11:00:45','2026-03-03 11:07:27'),('43243341-16e6-11f1-9a77-40c2ba17e4f7','a6849598-654a-4970-a502-79aaf6485e55','video','customer','ended','2026-03-03 09:49:24','2026-03-03 10:00:19'),('4565d495-0caf-11f1-8770-40c2ba17e4f7','4da3f6a0-7f0c-4307-800b-5a4a91e18e5a','video','customer','pending','2026-02-18 09:50:34','2026-02-18 09:50:34'),('46a9f58c-0caf-11f1-8770-40c2ba17e4f7','4da3f6a0-7f0c-4307-800b-5a4a91e18e5a','voice','customer','pending','2026-02-18 09:50:36','2026-02-18 09:50:36'),('483d18bd-0caf-11f1-8770-40c2ba17e4f7','4da3f6a0-7f0c-4307-800b-5a4a91e18e5a','video','customer','pending','2026-02-18 09:50:39','2026-02-18 09:50:39'),('4bc11380-0caf-11f1-8770-40c2ba17e4f7','4da3f6a0-7f0c-4307-800b-5a4a91e18e5a','voice','customer','pending','2026-02-18 09:50:45','2026-02-18 09:50:45'),('50c62c2d-1eab-11f1-9a77-40c2ba17e4f7','cadacc10-e9c9-401c-aca2-18308dc72de8','video','customer','ended','2026-03-13 07:07:36','2026-03-13 07:10:29'),('53877703-2107-11f1-9704-40c2ba17e4f7','4b11c334-6b8c-4b06-87e0-232c3702ea67','video','customer','pending','2026-03-16 07:11:17','2026-03-16 07:11:17'),('554867d5-1ea9-11f1-9a77-40c2ba17e4f7','6e755938-36db-4be2-9e19-d91cdb37a0c6','video','customer','accepted','2026-03-13 06:53:25','2026-03-13 06:53:32'),('5700e886-1d11-11f1-9a77-40c2ba17e4f7','99de0dab-9b67-4c80-9301-0c294ac39a48','video','customer','ended','2026-03-11 06:12:53','2026-03-11 06:16:53'),('64c2aef7-1244-11f1-8770-40c2ba17e4f7','4da3f6a0-7f0c-4307-800b-5a4a91e18e5a','voice','customer','ended','2026-02-25 12:20:38','2026-02-25 12:22:11'),('722fb7fe-16fc-11f1-9a77-40c2ba17e4f7','a6849598-654a-4970-a502-79aaf6485e55','video','customer','ended','2026-03-03 12:28:12','2026-03-03 12:30:48'),('90d94d78-16f5-11f1-9a77-40c2ba17e4f7','a6849598-654a-4970-a502-79aaf6485e55','voice','customer','ended','2026-03-03 11:38:57','2026-03-03 11:39:58'),('97f25979-1620-11f1-9a77-40c2ba17e4f7','4da3f6a0-7f0c-4307-800b-5a4a91e18e5a','video','customer','ended','2026-03-02 10:14:26','2026-03-02 11:52:18'),('9aca5afd-163a-11f1-9a77-40c2ba17e4f7','4da3f6a0-7f0c-4307-800b-5a4a91e18e5a','video','customer','ended','2026-03-02 13:20:38','2026-03-02 13:24:55'),('aa3f6421-1633-11f1-9a77-40c2ba17e4f7','4da3f6a0-7f0c-4307-800b-5a4a91e18e5a','video','customer','ended','2026-03-02 12:30:58','2026-03-02 12:50:26'),('aec0ee40-1d37-11f1-9a77-40c2ba17e4f7','e74b09eb-b110-41e2-a41b-404900e2df45','video','customer','ended','2026-03-11 10:47:21','2026-03-11 10:49:56'),('bf01f89a-124f-11f1-8770-40c2ba17e4f7','4da3f6a0-7f0c-4307-800b-5a4a91e18e5a','video','customer','ended','2026-02-25 13:41:54','2026-02-25 13:42:53'),('d0db9c8c-16fc-11f1-9a77-40c2ba17e4f7','a6849598-654a-4970-a502-79aaf6485e55','voice','customer','ended','2026-03-03 12:30:51','2026-03-03 12:31:37'),('d1eb9da3-1250-11f1-8770-40c2ba17e4f7','4da3f6a0-7f0c-4307-800b-5a4a91e18e5a','video','customer','ended','2026-02-25 13:49:35','2026-03-02 10:14:12'),('d79f0e8b-1d0e-11f1-9a77-40c2ba17e4f7','1af75b4b-2c73-447f-836c-3bbb1f0be906','video','customer','ended','2026-03-11 05:55:00','2026-03-11 05:58:16'),('e8636ada-124f-11f1-8770-40c2ba17e4f7','4da3f6a0-7f0c-4307-800b-5a4a91e18e5a','video','customer','ended','2026-02-25 13:43:03','2026-02-25 13:43:20'),('ed022527-16c6-11f1-9a77-40c2ba17e4f7','3e6bf8f5-158c-4f23-b2c7-c4e6b00efa0a','video','customer','ended','2026-03-03 06:05:06','2026-03-03 06:06:16'),('fac4d1e8-1d14-11f1-9a77-40c2ba17e4f7','99de0dab-9b67-4c80-9301-0c294ac39a48','video','customer','ended','2026-03-11 06:38:56','2026-03-11 10:25:37'),('fd28f1d5-0cae-11f1-8770-40c2ba17e4f7','4da3f6a0-7f0c-4307-800b-5a4a91e18e5a','voice','customer','pending','2026-02-18 09:48:33','2026-02-18 09:48:33');
/*!40000 ALTER TABLE `call_requests` ENABLE KEYS */;
UNLOCK TABLES;

--
-- Table structure for table `customer_private_profiles`
--

DROP TABLE IF EXISTS `customer_private_profiles`;
/*!40101 SET @saved_cs_client     = @@character_set_client */;
/*!50503 SET character_set_client = utf8mb4 */;
CREATE TABLE `customer_private_profiles` (
  `user_id` char(36) COLLATE utf8mb4_unicode_ci NOT NULL,
  `full_name` varchar(255) COLLATE utf8mb4_unicode_ci DEFAULT NULL,
  `email` varchar(255) COLLATE utf8mb4_unicode_ci DEFAULT NULL,
  `phone` varchar(64) COLLATE utf8mb4_unicode_ci DEFAULT NULL,
  `meta_json` json DEFAULT NULL,
  `created_at` timestamp NOT NULL DEFAULT CURRENT_TIMESTAMP,
  `updated_at` timestamp NOT NULL DEFAULT CURRENT_TIMESTAMP ON UPDATE CURRENT_TIMESTAMP,
  PRIMARY KEY (`user_id`),
  CONSTRAINT `fk_cust_private_user` FOREIGN KEY (`user_id`) REFERENCES `users` (`id`) ON DELETE CASCADE
) ENGINE=InnoDB DEFAULT CHARSET=utf8mb4 COLLATE=utf8mb4_unicode_ci;
/*!40101 SET character_set_client = @saved_cs_client */;

--
-- Dumping data for table `customer_private_profiles`
--

LOCK TABLES `customer_private_profiles` WRITE;
/*!40000 ALTER TABLE `customer_private_profiles` DISABLE KEYS */;
/*!40000 ALTER TABLE `customer_private_profiles` ENABLE KEYS */;
UNLOCK TABLES;

--
-- Table structure for table `customer_public_profiles`
--

DROP TABLE IF EXISTS `customer_public_profiles`;
/*!40101 SET @saved_cs_client     = @@character_set_client */;
/*!50503 SET character_set_client = utf8mb4 */;
CREATE TABLE `customer_public_profiles` (
  `user_id` char(36) COLLATE utf8mb4_unicode_ci NOT NULL,
  `created_at` timestamp NOT NULL DEFAULT CURRENT_TIMESTAMP,
  PRIMARY KEY (`user_id`),
  CONSTRAINT `fk_cust_public_user` FOREIGN KEY (`user_id`) REFERENCES `users` (`id`) ON DELETE CASCADE
) ENGINE=InnoDB DEFAULT CHARSET=utf8mb4 COLLATE=utf8mb4_unicode_ci;
/*!40101 SET character_set_client = @saved_cs_client */;

--
-- Dumping data for table `customer_public_profiles`
--

LOCK TABLES `customer_public_profiles` WRITE;
/*!40000 ALTER TABLE `customer_public_profiles` DISABLE KEYS */;
/*!40000 ALTER TABLE `customer_public_profiles` ENABLE KEYS */;
UNLOCK TABLES;

--
-- Table structure for table `elscribe_handoffs`
--

DROP TABLE IF EXISTS `elscribe_handoffs`;
/*!40101 SET @saved_cs_client     = @@character_set_client */;
/*!50503 SET character_set_client = utf8mb4 */;
CREATE TABLE `elscribe_handoffs` (
  `id` varchar(36) NOT NULL,
  `external_session_id` varchar(128) NOT NULL,
  `ticket_id` varchar(36) NOT NULL,
  `prefill_email` varchar(255) DEFAULT NULL,
  `consumed_by_user_id` varchar(36) DEFAULT NULL,
  `created_at` timestamp NOT NULL DEFAULT CURRENT_TIMESTAMP,
  `expires_at` timestamp NULL DEFAULT NULL,
  PRIMARY KEY (`id`),
  UNIQUE KEY `uq_elscribe_handoff_external` (`external_session_id`),
  UNIQUE KEY `uq_elscribe_handoff_ticket` (`ticket_id`),
  KEY `idx_elscribe_handoff_expires` (`expires_at`)
) ENGINE=InnoDB DEFAULT CHARSET=utf8mb4 COLLATE=utf8mb4_0900_ai_ci;
/*!40101 SET character_set_client = @saved_cs_client */;

--
-- Dumping data for table `elscribe_handoffs`
--

LOCK TABLES `elscribe_handoffs` WRITE;
/*!40000 ALTER TABLE `elscribe_handoffs` DISABLE KEYS */;
INSERT INTO `elscribe_handoffs` VALUES ('00ea9ba6-a73e-46f0-9954-3d81b98b28c2','pm_test_session_005','b96356b6-4bfe-4746-af16-73a3b777b8d4','demo2.user@example.com','c3926061-a464-4a83-9223-f66278ab8910','2026-03-03 06:10:41','2026-03-10 06:10:41'),('0926a334-aa1d-428c-8760-7b5db19d3ac0','pm_test_session_006','a6849598-654a-4970-a502-79aaf6485e55','demo2.user@example.com','c3926061-a464-4a83-9223-f66278ab8910','2026-03-03 06:17:41','2026-03-10 06:17:41'),('58ca7435-28ac-496e-8267-34206d135a4a','pm_test_session_009','6e755938-36db-4be2-9e19-d91cdb37a0c6','demo4.user@example.com','ed78bfbe-03b9-408b-8efb-d7c59209a6a6','2026-03-11 06:07:15','2026-03-18 06:07:15'),('5c471f7c-8fce-483f-886f-c4a692429ac9','pm_test_session_007','425d0e20-34ec-4255-a8e9-156157d724aa','demo2.user@example.com','c3926061-a464-4a83-9223-f66278ab8910','2026-03-03 12:23:40','2026-03-10 12:23:40'),('7f34ddb3-c568-4b8d-8019-58d9f04e7a0a','pm_test_session_003','2869f0c1-e7c9-4d3d-93d5-fed5df145569','demo.user@example.com','2533e2bd-c8d2-40b6-9635-ddf222d4d207','2026-02-13 09:52:15','2026-02-20 09:52:15'),('89f1693e-93ce-43cb-8d73-9367d105e6d0','pm_test_session_008','69a111ae-845c-46cd-b728-6f4980b397e4','demo3.user@example.com','a502f783-3c0e-466a-99d2-5bc8cec26028','2026-03-11 06:05:15','2026-03-18 06:05:15'),('a3052cba-3ee2-4490-89d6-7e5805ce683b','pm_test_session_004','3e6bf8f5-158c-4f23-b2c7-c4e6b00efa0a','demo2.user@example.com','37c05357-eed9-4154-8a51-94ff19022465','2026-03-03 05:53:17','2026-03-10 05:53:17'),('c07cbbfe-e53a-4142-a409-67809c30d612','pm_test_session_002','b100a641-4b03-4f81-8bb7-c867bc5c1eb5','demo.user@example.com',NULL,'2026-02-13 09:47:20','2026-02-20 09:47:20'),('cffca13b-8202-42b0-a9e1-58197236627b','pm_test_session_010','99de0dab-9b67-4c80-9301-0c294ac39a48','demo5.user@example.com','2eb766ea-b4fa-4614-abb4-1248ea395a19','2026-03-11 06:08:08','2026-03-18 06:08:08'),('ef23c54a-08a7-4e28-a4b0-bf7a789d9202','pm_test_session_011','e74b09eb-b110-41e2-a41b-404900e2df45','demo.userid@example.com','12f99a44-4ab0-4df3-954c-d3c90b80d897','2026-03-11 10:42:36','2026-03-18 10:42:36'),('fa1324cb-4ed3-4492-a7a7-f249700ce996','pm_test_session_001','2fb91762-752c-42bc-966e-aeb73eb90744','demo.user@example.com','fab5d923-a0b6-4106-ab95-495aedf840fd','2026-02-13 09:24:14','2026-02-20 09:24:14');
/*!40000 ALTER TABLE `elscribe_handoffs` ENABLE KEYS */;
UNLOCK TABLES;

--
-- Table structure for table `media_rooms`
--

DROP TABLE IF EXISTS `media_rooms`;
/*!40101 SET @saved_cs_client     = @@character_set_client */;
/*!50503 SET character_set_client = utf8mb4 */;
CREATE TABLE `media_rooms` (
  `ticket_id` char(36) COLLATE utf8mb4_unicode_ci NOT NULL,
  `provider` varchar(20) COLLATE utf8mb4_unicode_ci NOT NULL DEFAULT 'livekit',
  `room_name` varchar(128) COLLATE utf8mb4_unicode_ci NOT NULL,
  `active` tinyint(1) NOT NULL DEFAULT '1',
  `created_at` timestamp NOT NULL DEFAULT CURRENT_TIMESTAMP,
  `updated_at` timestamp NOT NULL DEFAULT CURRENT_TIMESTAMP ON UPDATE CURRENT_TIMESTAMP,
  PRIMARY KEY (`ticket_id`),
  CONSTRAINT `fk_media_rooms_ticket` FOREIGN KEY (`ticket_id`) REFERENCES `tickets` (`id`) ON DELETE CASCADE
) ENGINE=InnoDB DEFAULT CHARSET=utf8mb4 COLLATE=utf8mb4_unicode_ci;
/*!40101 SET character_set_client = @saved_cs_client */;

--
-- Dumping data for table `media_rooms`
--

LOCK TABLES `media_rooms` WRITE;
/*!40000 ALTER TABLE `media_rooms` DISABLE KEYS */;
INSERT INTO `media_rooms` VALUES ('1af75b4b-2c73-447f-836c-3bbb1f0be906','livekit','ticket_1af75b4b-2c73-447f-836c-3bbb1f0be906',0,'2026-03-11 05:55:32','2026-03-11 05:58:16'),('3e6bf8f5-158c-4f23-b2c7-c4e6b00efa0a','livekit','ticket_3e6bf8f5-158c-4f23-b2c7-c4e6b00efa0a',0,'2026-03-03 06:05:12','2026-03-03 06:06:16'),('425d0e20-34ec-4255-a8e9-156157d724aa','livekit','ticket_425d0e20-34ec-4255-a8e9-156157d724aa',0,'2026-03-10 10:16:36','2026-03-10 10:17:02'),('4da3f6a0-7f0c-4307-800b-5a4a91e18e5a','livekit','ticket_4da3f6a0-7f0c-4307-800b-5a4a91e18e5a',0,'2026-02-25 10:10:17','2026-03-02 13:24:55'),('6e755938-36db-4be2-9e19-d91cdb37a0c6','livekit','ticket_6e755938-36db-4be2-9e19-d91cdb37a0c6',1,'2026-03-13 06:53:32','2026-03-13 06:53:37'),('99de0dab-9b67-4c80-9301-0c294ac39a48','livekit','ticket_99de0dab-9b67-4c80-9301-0c294ac39a48',0,'2026-03-11 06:12:56','2026-03-11 10:25:37'),('a6849598-654a-4970-a502-79aaf6485e55','livekit','ticket_a6849598-654a-4970-a502-79aaf6485e55',0,'2026-03-03 09:49:31','2026-03-03 12:31:37'),('cadacc10-e9c9-401c-aca2-18308dc72de8','livekit','ticket_cadacc10-e9c9-401c-aca2-18308dc72de8',0,'2026-03-13 07:07:40','2026-03-13 07:10:29'),('e74b09eb-b110-41e2-a41b-404900e2df45','livekit','ticket_e74b09eb-b110-41e2-a41b-404900e2df45',0,'2026-03-11 10:47:37','2026-03-11 10:49:56');
/*!40000 ALTER TABLE `media_rooms` ENABLE KEYS */;
UNLOCK TABLES;

--
-- Table structure for table `payments`
--

DROP TABLE IF EXISTS `payments`;
/*!40101 SET @saved_cs_client     = @@character_set_client */;
/*!50503 SET character_set_client = utf8mb4 */;
CREATE TABLE `payments` (
  `id` char(36) COLLATE utf8mb4_unicode_ci NOT NULL,
  `account_id` char(36) COLLATE utf8mb4_unicode_ci NOT NULL,
  `ticket_id` char(36) COLLATE utf8mb4_unicode_ci DEFAULT NULL,
  `plan_code` varchar(64) COLLATE utf8mb4_unicode_ci DEFAULT NULL,
  `type` varchar(20) COLLATE utf8mb4_unicode_ci NOT NULL,
  `status` varchar(20) COLLATE utf8mb4_unicode_ci NOT NULL,
  `amount` int NOT NULL,
  `display_amount` int DEFAULT NULL,
  `currency` varchar(3) COLLATE utf8mb4_unicode_ci NOT NULL DEFAULT 'USD',
  `display_currency` varchar(3) COLLATE utf8mb4_unicode_ci DEFAULT NULL,
  `provider` varchar(20) COLLATE utf8mb4_unicode_ci NOT NULL DEFAULT 'razorpay',
  `razorpay_order_id` varchar(64) COLLATE utf8mb4_unicode_ci DEFAULT NULL,
  `razorpay_payment_id` varchar(64) COLLATE utf8mb4_unicode_ci DEFAULT NULL,
  `razorpay_signature` varchar(128) COLLATE utf8mb4_unicode_ci DEFAULT NULL,
  `razorpay_event_id` varchar(128) COLLATE utf8mb4_unicode_ci DEFAULT NULL,
  `stripe_payment_intent_id` varchar(128) COLLATE utf8mb4_unicode_ci DEFAULT NULL,
  `stripe_checkout_session_id` varchar(128) COLLATE utf8mb4_unicode_ci DEFAULT NULL,
  `created_at` timestamp NOT NULL DEFAULT CURRENT_TIMESTAMP,
  `updated_at` timestamp NOT NULL DEFAULT CURRENT_TIMESTAMP ON UPDATE CURRENT_TIMESTAMP,
  PRIMARY KEY (`id`),
  KEY `idx_payments_account` (`account_id`),
  KEY `idx_payments_ticket` (`ticket_id`),
  KEY `idx_payments_status` (`status`),
  CONSTRAINT `fk_payments_account` FOREIGN KEY (`account_id`) REFERENCES `accounts` (`id`) ON DELETE CASCADE,
  CONSTRAINT `fk_payments_ticket` FOREIGN KEY (`ticket_id`) REFERENCES `tickets` (`id`) ON DELETE SET NULL
) ENGINE=InnoDB DEFAULT CHARSET=utf8mb4 COLLATE=utf8mb4_unicode_ci;
/*!40101 SET character_set_client = @saved_cs_client */;

--
-- Dumping data for table `payments`
--

LOCK TABLES `payments` WRITE;
/*!40000 ALTER TABLE `payments` DISABLE KEYS */;
INSERT INTO `payments` VALUES ('2520fcc2-13ca-4d6b-b8a9-f21a1fc2cd3d','47bf0ed4-c630-4fec-88e9-d5aa94836b98','11d71a72-923d-4dc7-976c-f5a17848d1cf',NULL,'incident','pending',9900,NULL,'USD',NULL,'razorpay','order_SRt1kvICN6CR4q',NULL,NULL,NULL,NULL,NULL,'2026-03-16 11:49:54','2026-03-16 11:49:54'),('433e5447-99c4-47ab-bd02-be148479c0c8','26cde980-e168-456e-87f5-816be5b00111','6e755938-36db-4be2-9e19-d91cdb37a0c6',NULL,'incident','succeeded',39900,NULL,'INR',NULL,'razorpay','order_SQcDTfPv9mY3uE','pay_SQcDkWZr60F2bI','ba4f971b238f333f72abf4d66cbfca7db372ea9025932d8819713d1363dd827b',NULL,NULL,NULL,'2026-03-13 06:44:13','2026-03-13 06:44:45'),('55089692-295e-4e31-8f71-7de462e5f600','d3eb762a-011d-4a04-87ac-f08f0818beea','1af75b4b-2c73-447f-836c-3bbb1f0be906',NULL,'incident','succeeded',39900,NULL,'INR',NULL,'razorpay','order_SPnWzOzlFJ530d','pay_SPnXRpsxNsAC2D','318acee3e9050c5cf77c6aff5fb7fc4e82f434b560974c7661b944747ac21472',NULL,NULL,NULL,'2026-03-11 05:09:19','2026-03-11 05:10:01'),('588ae4c1-0276-4589-8615-242ebfe3477d','47bf0ed4-c630-4fec-88e9-d5aa94836b98','06c08ecb-9785-4c0b-9c1a-d01408a86d45',NULL,'incident','succeeded',900,NULL,'INR',NULL,'razorpay','order_SSAhr7TWCJq3xx','pay_SSAiqvwUYp4D1E','316a8ac4d7e8fb1795bb210addd2be66c8a367d0262c9c089e6bb864cfa8a70f',NULL,NULL,NULL,'2026-03-17 05:07:33','2026-03-17 05:08:47'),('5da4a3df-a9bf-4375-b14e-43ad9adbff5a','26cde980-e168-456e-87f5-816be5b00111',NULL,'growth_redundancy','subscription','succeeded',249500,249500,'INR','USD','razorpay','order_SSGsd2MHF4oynU','pay_SSGsuOhiQsimLm','72964a95a50c63dcca812e67e504a2677c609a7fcd608e5d263696e1b5fd5966',NULL,NULL,NULL,'2026-03-17 11:09:55','2026-03-17 11:10:27'),('62a0e75b-ce6e-40e8-8f89-9cdd1162587a','47bf0ed4-c630-4fec-88e9-d5aa94836b98','bf855668-4349-47dd-8183-17da606a8454',NULL,'incident','pending',900,NULL,'USD',NULL,'razorpay','order_SS9tK92a3aP1AY',NULL,NULL,NULL,NULL,NULL,'2026-03-17 04:19:43','2026-03-17 04:19:43'),('63faa3eb-61ac-4eb2-9625-71dda0bb9200','97d2d9d5-a25d-49a2-a73e-27376f1718b1','425d0e20-34ec-4255-a8e9-156157d724aa',NULL,'incident','succeeded',39900,NULL,'INR',NULL,'razorpay','order_SMkh2XNiJYrAOP','pay_SMkhKJ7igLw1qN','3efaa884611c038f17cebafea0b157c1b09c7e84418c82e159f94818369e6b38',NULL,NULL,NULL,'2026-03-03 12:25:44','2026-03-03 12:26:20'),('69256a65-ee24-43a2-8ce8-7146aa1c7f74','47bf0ed4-c630-4fec-88e9-d5aa94836b98','11d71a72-923d-4dc7-976c-f5a17848d1cf',NULL,'incident','pending',9900,NULL,'USD',NULL,'razorpay','order_SRt9H37USh08yJ',NULL,NULL,NULL,NULL,NULL,'2026-03-16 11:57:01','2026-03-16 11:57:01'),('7a146b52-d4c2-4b05-bb95-6c0801229730','d3eb762a-011d-4a04-87ac-f08f0818beea','4da3f6a0-7f0c-4307-800b-5a4a91e18e5a',NULL,'incident','succeeded',39900,NULL,'INR',NULL,'razorpay','order_SML1xiDh3Xw6bf','pay_SML2vxsxo9UCt7','030ba35396c9196934ec88edf9a96bdc33523dc5ef2bbbf51b79cf143ed47abc',NULL,NULL,NULL,'2026-03-02 11:19:31','2026-03-02 11:20:44'),('8a0fa068-3370-49ea-a98e-48818d36f7bf','51439eaa-08e3-4135-a0bc-ea0ef4c71740','cadacc10-e9c9-401c-aca2-18308dc72de8',NULL,'incident','succeeded',39900,NULL,'INR',NULL,'razorpay','order_SQcaJtlZrLJt0P','pay_SQcagedKkGRswk','caa59be4feb59c373ff0dd83571f5cc2f70b22487fab1bb312a63930a3b37aea',NULL,NULL,NULL,'2026-03-13 07:05:50','2026-03-13 07:06:27'),('941ae385-6a04-4d30-8508-77ce836304e7','47bf0ed4-c630-4fec-88e9-d5aa94836b98','11d71a72-923d-4dc7-976c-f5a17848d1cf',NULL,'incident','pending',9900,NULL,'USD',NULL,'razorpay','order_SRt6XDjLMLnYGH',NULL,NULL,NULL,NULL,NULL,'2026-03-16 11:54:26','2026-03-16 11:54:26'),('9e282a03-77ed-4a66-8241-34f58f594e5d','5066a58b-6783-4bf3-a056-432d3c1c4f75','e74b09eb-b110-41e2-a41b-404900e2df45',NULL,'incident','succeeded',19900,NULL,'INR',NULL,'razorpay','order_SPtGCaZfBSVEKY','pay_SPtGVOSQ3Ktcdk','f78e960bf150b953669a1afa73075dd93daf3e881709f77f5da18914433909d9',NULL,NULL,NULL,'2026-03-11 10:45:35','2026-03-11 10:46:08'),('9ed2fc72-3e52-4a5f-89fb-6ece77080ba9','26cde980-e168-456e-87f5-816be5b00111','4b11c334-6b8c-4b06-87e0-232c3702ea67',NULL,'incident','succeeded',39900,NULL,'INR',NULL,'razorpay','order_SRoG7kMnY4Add4','pay_SRoGNdV7wbMvdW','3eb8b2d69eae0f5f77cd753da0a6150967a49c76c6ce99a9ddb88a749f9de94b',NULL,NULL,NULL,'2026-03-16 07:10:02','2026-03-16 07:10:34'),('af8689da-ad7c-4b3d-88fc-0758d0af2e07','47bf0ed4-c630-4fec-88e9-d5aa94836b98','11d71a72-923d-4dc7-976c-f5a17848d1cf',NULL,'incident','pending',9900,NULL,'USD',NULL,'razorpay','order_SRt6n6tsoZDvGE',NULL,NULL,NULL,NULL,NULL,'2026-03-16 11:54:40','2026-03-16 11:54:40'),('b567f92b-1f17-4d59-84c5-a40aff2d97f9','26cde980-e168-456e-87f5-816be5b00111',NULL,'small_business_redundancy','subscription','succeeded',149500,149500,'INR','USD','razorpay','order_SSFWvesPDjkeUj','pay_SSFX8Qvgllo4gR','80bad8e0c175e167bbb6f399f0b399be84b16297b34d93cf78c221683b1ce700',NULL,NULL,NULL,'2026-03-17 09:50:41','2026-03-17 09:51:08'),('c120da76-2425-43f4-b4af-d2cf5907b1ec','47bf0ed4-c630-4fec-88e9-d5aa94836b98','bf855668-4349-47dd-8183-17da606a8454',NULL,'incident','pending',900,NULL,'USD',NULL,'razorpay','order_SSAP9AtLgvnaek',NULL,NULL,NULL,NULL,NULL,'2026-03-17 04:49:51','2026-03-17 04:49:51'),('d5144e11-2cbf-48ab-9c68-5b0d0ba604cc','47bf0ed4-c630-4fec-88e9-d5aa94836b98','31d75752-16ce-4530-9bd7-262971372417',NULL,'incident','succeeded',900,NULL,'INR',NULL,'razorpay','order_SSCCD5ulrVE2MF','pay_SSCCeeTvhdkODJ','72ea8e50b503fde35654f1bc16afbf592580df368e41b50f4f3d66a75077e127',NULL,NULL,NULL,'2026-03-17 06:34:59','2026-03-17 06:35:44'),('dbad9015-c5e5-473d-8d92-c1f795041158','26cde980-e168-456e-87f5-816be5b00111',NULL,'enterprise_lite','subscription','succeeded',449500,449500,'INR','USD','razorpay','order_SSFUhSfvbdhMuk','pay_SSFVFkhQ4LE0Py','c74cb0b8c9012538e2dbf0562f44567a08586f530ab85094fcfbb0d993d16591',NULL,NULL,NULL,'2026-03-17 09:48:34','2026-03-17 09:49:24'),('deff98d1-b5ac-4acd-be08-9e4795e26da8','47bf0ed4-c630-4fec-88e9-d5aa94836b98','a50912d5-c9c8-462d-b5b8-0e24a9cbb97e',NULL,'incident','succeeded',80000,NULL,'INR',NULL,'razorpay','order_SSCXSiBP6nRCJe','pay_SSCXdskYC37wbY','b7564367aeecc9d18d959364ce42bd68fb93c4256aa93ae16ec93fd3f53a82a2',NULL,NULL,NULL,'2026-03-17 06:55:06','2026-03-17 06:55:32'),('ec352187-fc93-45af-bd78-e758b368c48c','97d2d9d5-a25d-49a2-a73e-27376f1718b1','a6849598-654a-4970-a502-79aaf6485e55',NULL,'incident','succeeded',39900,NULL,'INR',NULL,'razorpay','order_SMi0h55yPTeGFW','pay_SMi0vURhr1T1pV','50f974525163498fe93bcede63d3f66735b58d69e1b58bb00f186b63f09f3595',NULL,NULL,NULL,'2026-03-03 09:48:16','2026-03-03 09:48:45'),('ee9ebe7b-fcc7-4b5a-a67d-6a01a7d9697a','5066a58b-6783-4bf3-a056-432d3c1c4f75','442d4cac-514e-4303-bb96-1be5b130928c',NULL,'incident','succeeded',2900,2900,'INR','USD','razorpay','order_SSaF8Qsx7mEUXe','pay_SSaFNbCO2IbbgL','438af065bbc859388486f42f34f0eb5bd7df008ef726f41d173b0bc22f167cd1',NULL,NULL,NULL,'2026-03-18 06:06:24','2026-03-18 06:06:54'),('f5362f7a-cc48-478c-9634-bbfee1802ef6','d3eb762a-011d-4a04-87ac-f08f0818beea','3e6bf8f5-158c-4f23-b2c7-c4e6b00efa0a',NULL,'incident','succeeded',39900,NULL,'INR',NULL,'razorpay','order_SMeB1TMIbCc6Yl','pay_SMeBQIAYfuJ5fb','ee5e25f7ab9644642696313e4b07ce55ef8a98f532de3e406e6dc830592256af',NULL,NULL,NULL,'2026-03-03 06:03:16','2026-03-03 06:03:57'),('fd74ed3d-e49f-4399-aec7-201d7da6ec59','47bf0ed4-c630-4fec-88e9-d5aa94836b98','354b4dce-0ced-4233-8a4f-176ab95710cf',NULL,'incident','succeeded',10000,NULL,'INR',NULL,'razorpay','order_SSCvdSMmRDNv53','pay_SSCvmGOiMJgFTa','55d3501b97873d5641bb77d2fe9d31b8d6eee2a32ab2340ad681f2ba3f6ed48e',NULL,NULL,NULL,'2026-03-17 07:17:59','2026-03-17 07:18:26'),('fd9913a6-f72d-438c-b40c-bf3b0221190d','3a850079-c1bc-4795-85c3-86b7528c42b3','99de0dab-9b67-4c80-9301-0c294ac39a48',NULL,'incident','succeeded',39900,NULL,'INR',NULL,'razorpay','order_SPoaFHxb8sN3J4','pay_SPoaXpQJFCjRh9','dbbc28bc30d72cb14fbc707638f1373feea0f307d574132cfe0b19b4be9d571b',NULL,NULL,NULL,'2026-03-11 06:11:05','2026-03-11 06:11:42'),('ff0d06c1-8426-4f64-acd0-c406c9e806b0','47bf0ed4-c630-4fec-88e9-d5aa94836b98','bf855668-4349-47dd-8183-17da606a8454',NULL,'incident','succeeded',900,NULL,'INR',NULL,'razorpay','order_SSAfHwRej86ZTD','pay_SSAfSnyOSnx1T1','b256beed67f352293d55c2cb50ddbe54fe68bf68b1f15977434c2cdb169bbea2',NULL,NULL,NULL,'2026-03-17 05:05:07','2026-03-17 05:05:34');
/*!40000 ALTER TABLE `payments` ENABLE KEYS */;
UNLOCK TABLES;

--
-- Table structure for table `screen_share_events`
--

DROP TABLE IF EXISTS `screen_share_events`;
/*!40101 SET @saved_cs_client     = @@character_set_client */;
/*!50503 SET character_set_client = utf8mb4 */;
CREATE TABLE `screen_share_events` (
  `id` char(36) COLLATE utf8mb4_unicode_ci NOT NULL,
  `ticket_id` char(36) COLLATE utf8mb4_unicode_ci NOT NULL,
  `status` varchar(20) COLLATE utf8mb4_unicode_ci NOT NULL,
  `created_at` timestamp NOT NULL DEFAULT CURRENT_TIMESTAMP,
  PRIMARY KEY (`id`),
  KEY `idx_screenshare_ticket` (`ticket_id`),
  CONSTRAINT `fk_screenshare_ticket` FOREIGN KEY (`ticket_id`) REFERENCES `tickets` (`id`) ON DELETE CASCADE
) ENGINE=InnoDB DEFAULT CHARSET=utf8mb4 COLLATE=utf8mb4_unicode_ci;
/*!40101 SET character_set_client = @saved_cs_client */;

--
-- Dumping data for table `screen_share_events`
--

LOCK TABLES `screen_share_events` WRITE;
/*!40000 ALTER TABLE `screen_share_events` DISABLE KEYS */;
INSERT INTO `screen_share_events` VALUES ('0b2a8f81-1ede-4389-b688-4a7fad371e08','cadacc10-e9c9-401c-aca2-18308dc72de8','started','2026-03-13 07:10:08'),('12444eaa-c218-4ac0-92fc-8716c2f4e04f','4da3f6a0-7f0c-4307-800b-5a4a91e18e5a','started','2026-03-02 13:21:33'),('21718461-d8e9-4e52-85c5-1731a14fe1bf','1af75b4b-2c73-447f-836c-3bbb1f0be906','started','2026-03-11 05:56:30'),('32bafeff-589b-491d-857e-4061eb1ee228','3e6bf8f5-158c-4f23-b2c7-c4e6b00efa0a','stopped','2026-03-03 06:06:03'),('38ebafed-7db4-453b-8fdc-7429e693d479','4da3f6a0-7f0c-4307-800b-5a4a91e18e5a','started','2026-02-25 12:14:22'),('3b99e0ce-c78b-44bf-9ddd-317791659596','a6849598-654a-4970-a502-79aaf6485e55','stopped','2026-03-03 12:29:53'),('60698e6a-c524-47d9-a474-8ab94f3aeaf9','1af75b4b-2c73-447f-836c-3bbb1f0be906','stopped','2026-03-11 05:57:15'),('7652dcfe-ebd6-4686-aac1-100d6ed45f29','a6849598-654a-4970-a502-79aaf6485e55','started','2026-03-03 12:29:09'),('80613b42-bbf5-45bb-9cd8-b5fd440983b7','4da3f6a0-7f0c-4307-800b-5a4a91e18e5a','started','2026-03-02 13:22:40'),('84765c18-a328-4779-8dbd-ca5f5e8520ac','3e6bf8f5-158c-4f23-b2c7-c4e6b00efa0a','started','2026-03-03 06:05:45'),('86c5b32f-80b3-4699-903a-ca3166c6f63b','99de0dab-9b67-4c80-9301-0c294ac39a48','started','2026-03-11 10:23:37'),('91ec783a-5788-4869-9310-f3b20b7ff6cd','4da3f6a0-7f0c-4307-800b-5a4a91e18e5a','started','2026-03-02 12:33:08'),('9c025b9d-964a-4a99-8a4f-dfd6dd836897','4da3f6a0-7f0c-4307-800b-5a4a91e18e5a','started','2026-03-02 11:43:56'),('bb62d01f-cce5-4693-9777-5512be174da3','a6849598-654a-4970-a502-79aaf6485e55','started','2026-03-03 12:29:59'),('bd9c1870-469d-4527-b086-2005aa9c7b5a','4da3f6a0-7f0c-4307-800b-5a4a91e18e5a','stopped','2026-03-02 12:36:03'),('e4f41f64-e9ef-4d7e-8e6e-cdd7cb2fd227','a6849598-654a-4970-a502-79aaf6485e55','stopped','2026-03-03 12:30:36'),('eb062fae-608d-4af5-bfab-00ccb5936909','e74b09eb-b110-41e2-a41b-404900e2df45','started','2026-03-11 10:49:04'),('f1dc47aa-e191-4e03-a9ea-7e9adc2e6aab','4da3f6a0-7f0c-4307-800b-5a4a91e18e5a','stopped','2026-03-02 13:21:55');
/*!40000 ALTER TABLE `screen_share_events` ENABLE KEYS */;
UNLOCK TABLES;

--
-- Table structure for table `subscriptions`
--

DROP TABLE IF EXISTS `subscriptions`;
/*!40101 SET @saved_cs_client     = @@character_set_client */;
/*!50503 SET character_set_client = utf8mb4 */;
CREATE TABLE `subscriptions` (
  `account_id` char(36) COLLATE utf8mb4_unicode_ci NOT NULL,
  `provider` varchar(32) COLLATE utf8mb4_unicode_ci DEFAULT 'razorpay',
  `stripe_subscription_id` varchar(128) COLLATE utf8mb4_unicode_ci DEFAULT NULL,
  `plan_code` varchar(64) COLLATE utf8mb4_unicode_ci DEFAULT NULL,
  `seat_limit_snapshot` int NOT NULL DEFAULT '1',
  `status` varchar(32) COLLATE utf8mb4_unicode_ci NOT NULL DEFAULT 'inactive',
  `current_period_start` datetime DEFAULT NULL,
  `current_period_end` datetime DEFAULT NULL,
  `metadata_json` json DEFAULT NULL,
  `created_at` timestamp NOT NULL DEFAULT CURRENT_TIMESTAMP,
  `updated_at` timestamp NOT NULL DEFAULT CURRENT_TIMESTAMP ON UPDATE CURRENT_TIMESTAMP,
  PRIMARY KEY (`account_id`),
  CONSTRAINT `fk_subscriptions_account` FOREIGN KEY (`account_id`) REFERENCES `accounts` (`id`) ON DELETE CASCADE
) ENGINE=InnoDB DEFAULT CHARSET=utf8mb4 COLLATE=utf8mb4_unicode_ci;
/*!40101 SET character_set_client = @saved_cs_client */;

--
-- Dumping data for table `subscriptions`
--

LOCK TABLES `subscriptions` WRITE;
/*!40000 ALTER TABLE `subscriptions` DISABLE KEYS */;
INSERT INTO `subscriptions` VALUES ('26cde980-e168-456e-87f5-816be5b00111','razorpay',NULL,'growth_redundancy',75,'active','2026-03-17 11:10:28','2026-04-16 11:10:28','{\"razorpayOrderId\": \"order_SSGsd2MHF4oynU\", \"razorpayPaymentId\": \"pay_SSGsuOhiQsimLm\", \"activatedByPaymentId\": \"5da4a3df-a9bf-4375-b14e-43ad9adbff5a\"}','2026-03-17 09:49:24','2026-03-17 11:10:27');
/*!40000 ALTER TABLE `subscriptions` ENABLE KEYS */;
UNLOCK TABLES;

--
-- Table structure for table `support_sessions`
--

DROP TABLE IF EXISTS `support_sessions`;
/*!40101 SET @saved_cs_client     = @@character_set_client */;
/*!50503 SET character_set_client = utf8mb4 */;
CREATE TABLE `support_sessions` (
  `id` char(36) COLLATE utf8mb4_unicode_ci NOT NULL,
  `ticket_id` char(36) COLLATE utf8mb4_unicode_ci NOT NULL,
  `status` varchar(20) COLLATE utf8mb4_unicode_ci NOT NULL DEFAULT 'active',
  `created_at` timestamp NOT NULL DEFAULT CURRENT_TIMESTAMP,
  `updated_at` timestamp NOT NULL DEFAULT CURRENT_TIMESTAMP ON UPDATE CURRENT_TIMESTAMP,
  PRIMARY KEY (`id`),
  KEY `idx_sessions_ticket` (`ticket_id`),
  CONSTRAINT `fk_sessions_ticket` FOREIGN KEY (`ticket_id`) REFERENCES `tickets` (`id`) ON DELETE CASCADE
) ENGINE=InnoDB DEFAULT CHARSET=utf8mb4 COLLATE=utf8mb4_unicode_ci;
/*!40101 SET character_set_client = @saved_cs_client */;

--
-- Dumping data for table `support_sessions`
--

LOCK TABLES `support_sessions` WRITE;
/*!40000 ALTER TABLE `support_sessions` DISABLE KEYS */;
INSERT INTO `support_sessions` VALUES ('19bd6b41-0554-453d-90ce-99af107e0eb3','6e755938-36db-4be2-9e19-d91cdb37a0c6','active','2026-03-11 06:07:15','2026-03-11 06:07:15'),('1ae84319-2393-415b-b9a7-5b14d7d370a2','99de0dab-9b67-4c80-9301-0c294ac39a48','active','2026-03-11 06:08:08','2026-03-11 06:08:08'),('21eb8aea-f943-4e20-9df6-6c7f2fa3f939','2869f0c1-e7c9-4d3d-93d5-fed5df145569','active','2026-02-13 09:52:15','2026-02-13 09:52:15'),('35102168-0f80-4d3a-8011-d30d3d62f173','a6849598-654a-4970-a502-79aaf6485e55','active','2026-03-03 06:17:41','2026-03-03 06:17:41'),('45599c7a-4a04-487d-9a1c-8c7b46aa77b4','e74b09eb-b110-41e2-a41b-404900e2df45','active','2026-03-11 10:42:36','2026-03-11 10:42:36'),('7830e32f-f07f-49f2-b576-31a78501a8d1','69a111ae-845c-46cd-b728-6f4980b397e4','active','2026-03-11 06:05:15','2026-03-11 06:05:15'),('9d92e0a0-1781-481b-a754-be274778d1fa','b100a641-4b03-4f81-8bb7-c867bc5c1eb5','active','2026-02-13 09:47:20','2026-02-13 09:47:20'),('a4057939-c214-4458-ae2c-572717cb8dfb','2fb91762-752c-42bc-966e-aeb73eb90744','active','2026-02-13 09:24:14','2026-02-13 09:24:14'),('e2b39dbf-bf55-43ea-be31-0cd48adacff0','b96356b6-4bfe-4746-af16-73a3b777b8d4','active','2026-03-03 06:10:41','2026-03-03 06:10:41'),('f8f55f04-ed12-4077-a9f3-6d5384c1b25a','425d0e20-34ec-4255-a8e9-156157d724aa','active','2026-03-03 12:23:40','2026-03-03 12:23:40'),('fa6e7057-a333-417a-b5fe-f7bc2b44e543','3e6bf8f5-158c-4f23-b2c7-c4e6b00efa0a','active','2026-03-03 05:53:17','2026-03-03 05:53:17');
/*!40000 ALTER TABLE `support_sessions` ENABLE KEYS */;
UNLOCK TABLES;

--
-- Table structure for table `ticket_aliases`
--

DROP TABLE IF EXISTS `ticket_aliases`;
/*!40101 SET @saved_cs_client     = @@character_set_client */;
/*!50503 SET character_set_client = utf8mb4 */;
CREATE TABLE `ticket_aliases` (
  `ticket_id` char(36) COLLATE utf8mb4_unicode_ci NOT NULL,
  `agent_alias` varchar(64) COLLATE utf8mb4_unicode_ci NOT NULL,
  `created_at` timestamp NOT NULL DEFAULT CURRENT_TIMESTAMP,
  PRIMARY KEY (`ticket_id`),
  CONSTRAINT `fk_ticket_aliases_ticket` FOREIGN KEY (`ticket_id`) REFERENCES `tickets` (`id`) ON DELETE CASCADE
) ENGINE=InnoDB DEFAULT CHARSET=utf8mb4 COLLATE=utf8mb4_unicode_ci;
/*!40101 SET character_set_client = @saved_cs_client */;

--
-- Dumping data for table `ticket_aliases`
--

LOCK TABLES `ticket_aliases` WRITE;
/*!40000 ALTER TABLE `ticket_aliases` DISABLE KEYS */;
INSERT INTO `ticket_aliases` VALUES ('06c08ecb-9785-4c0b-9c1a-d01408a86d45','Customer #BBD3','2026-03-17 05:07:19'),('11d71a72-923d-4dc7-976c-f5a17848d1cf','Customer #736E','2026-03-16 11:49:32'),('18e285e1-3679-4e95-9552-7a5752bec1ef','Customer #EDDC','2026-03-18 04:49:39'),('1af75b4b-2c73-447f-836c-3bbb1f0be906','Customer #9CF8','2026-03-11 05:08:37'),('2869f0c1-e7c9-4d3d-93d5-fed5df145569','Customer #548E','2026-02-13 09:52:15'),('2f86bc66-b308-4802-88c9-ac4bd34b8612','Customer #7DAB','2026-03-17 11:46:19'),('2fb91762-752c-42bc-966e-aeb73eb90744','Customer #CBE8','2026-02-13 09:24:14'),('31d75752-16ce-4530-9bd7-262971372417','Customer #2BF0','2026-03-17 06:34:41'),('32ec3ff9-5a75-4f29-a895-ec986c6f4cd1','Customer #2C16','2026-03-17 06:38:36'),('354b4dce-0ced-4233-8a4f-176ab95710cf','Customer #F16A','2026-03-17 07:15:00'),('3e6bf8f5-158c-4f23-b2c7-c4e6b00efa0a','Customer #2C7A','2026-03-03 05:53:17'),('41b61f64-695a-4f6e-9c33-b5c2bd7bd9a9','Customer #72D9','2026-03-17 11:56:11'),('425d0e20-34ec-4255-a8e9-156157d724aa','Customer #E14A','2026-03-03 12:23:40'),('442d4cac-514e-4303-bb96-1be5b130928c','Customer #52AB','2026-03-18 06:06:16'),('4b11c334-6b8c-4b06-87e0-232c3702ea67','Customer #D02D','2026-03-16 06:48:52'),('4da3f6a0-7f0c-4307-800b-5a4a91e18e5a','Customer #CB2B','2026-02-13 12:26:05'),('691e134d-83ea-42b3-b9d8-aeb50718f311','Customer #9ECF','2026-03-17 10:06:47'),('69a111ae-845c-46cd-b728-6f4980b397e4','Customer #19CD','2026-03-11 06:05:15'),('6e755938-36db-4be2-9e19-d91cdb37a0c6','Customer #6810','2026-03-11 06:07:15'),('83e20aa4-1bba-4d83-b635-0e3b9df9f1a6','Customer #A066','2026-03-17 05:10:13'),('99de0dab-9b67-4c80-9301-0c294ac39a48','Customer #077C','2026-03-11 06:08:08'),('a50912d5-c9c8-462d-b5b8-0e24a9cbb97e','Customer #05FA','2026-03-17 06:41:21'),('a6849598-654a-4970-a502-79aaf6485e55','Customer #44FB','2026-03-03 06:17:41'),('aa476ec4-f90e-4608-8269-66fa948aad6b','Customer #EEE4','2026-03-17 11:45:17'),('b100a641-4b03-4f81-8bb7-c867bc5c1eb5','Customer #EBE5','2026-02-13 09:47:20'),('b96356b6-4bfe-4746-af16-73a3b777b8d4','Customer #4008','2026-03-03 06:10:41'),('bf855668-4349-47dd-8183-17da606a8454','Customer #BC68','2026-03-17 04:18:55'),('c0df7164-a30f-4f97-92e0-5d2f405ec3e0','Customer #3B66','2026-03-17 11:08:23'),('cadacc10-e9c9-401c-aca2-18308dc72de8','Customer #4865','2026-03-13 07:02:29'),('d4f41550-4d45-4e1a-8a5c-ae699edabd53','Customer #E37B','2026-03-17 11:55:42'),('d98f8a91-dbd9-41fc-800b-97634944f695','Customer #282F','2026-02-12 09:08:30'),('e74b09eb-b110-41e2-a41b-404900e2df45','Customer #B693','2026-03-11 10:42:36'),('ee9390dd-2276-4bb6-a590-7ca335e81515','Customer #B57C','2026-03-17 05:13:44'),('f2971e67-8e01-4e66-8f4f-5401e11e0d7a','Customer #F82F','2026-03-17 11:56:45'),('fc358314-8d9a-4a80-924e-e91d23c7e6ee','Customer #0806','2026-02-20 09:46:25');
/*!40000 ALTER TABLE `ticket_aliases` ENABLE KEYS */;
UNLOCK TABLES;

--
-- Table structure for table `ticket_billing_overrides`
--

DROP TABLE IF EXISTS `ticket_billing_overrides`;
/*!40101 SET @saved_cs_client     = @@character_set_client */;
/*!50503 SET character_set_client = utf8mb4 */;
CREATE TABLE `ticket_billing_overrides` (
  `id` char(36) COLLATE utf8mb4_unicode_ci NOT NULL,
  `ticket_id` char(36) COLLATE utf8mb4_unicode_ci NOT NULL,
  `state` varchar(20) COLLATE utf8mb4_unicode_ci NOT NULL,
  `note` text COLLATE utf8mb4_unicode_ci,
  `updated_by_user_id` char(36) COLLATE utf8mb4_unicode_ci NOT NULL,
  `created_at` timestamp NOT NULL DEFAULT CURRENT_TIMESTAMP,
  `updated_at` timestamp NOT NULL DEFAULT CURRENT_TIMESTAMP ON UPDATE CURRENT_TIMESTAMP,
  PRIMARY KEY (`id`),
  UNIQUE KEY `uniq_ticket_billing_overrides_ticket` (`ticket_id`),
  KEY `idx_ticket_billing_overrides_state` (`state`),
  CONSTRAINT `fk_ticket_billing_overrides_ticket` FOREIGN KEY (`ticket_id`) REFERENCES `tickets` (`id`) ON DELETE CASCADE
) ENGINE=InnoDB DEFAULT CHARSET=utf8mb4 COLLATE=utf8mb4_unicode_ci;
/*!40101 SET character_set_client = @saved_cs_client */;

--
-- Dumping data for table `ticket_billing_overrides`
--

LOCK TABLES `ticket_billing_overrides` WRITE;
/*!40000 ALTER TABLE `ticket_billing_overrides` DISABLE KEYS */;
INSERT INTO `ticket_billing_overrides` VALUES ('f7a08118-54f2-42e6-bde3-599760400f23','442d4cac-514e-4303-bb96-1be5b130928c','blocked',NULL,'fab5d923-a0b6-4106-ab95-495aedf840fd','2026-03-18 06:07:54','2026-03-18 06:07:54');
/*!40000 ALTER TABLE `ticket_billing_overrides` ENABLE KEYS */;
UNLOCK TABLES;

--
-- Table structure for table `ticket_messages`
--

DROP TABLE IF EXISTS `ticket_messages`;
/*!40101 SET @saved_cs_client     = @@character_set_client */;
/*!50503 SET character_set_client = utf8mb4 */;
CREATE TABLE `ticket_messages` (
  `id` char(36) COLLATE utf8mb4_unicode_ci NOT NULL,
  `ticket_id` char(36) COLLATE utf8mb4_unicode_ci NOT NULL,
  `sender_role` varchar(20) COLLATE utf8mb4_unicode_ci NOT NULL,
  `sender_user_id` char(36) COLLATE utf8mb4_unicode_ci NOT NULL,
  `body` text COLLATE utf8mb4_unicode_ci NOT NULL,
  `created_at` timestamp NOT NULL DEFAULT CURRENT_TIMESTAMP,
  PRIMARY KEY (`id`),
  KEY `idx_messages_ticket_created` (`ticket_id`,`created_at`),
  KEY `fk_messages_sender` (`sender_user_id`),
  CONSTRAINT `fk_messages_sender` FOREIGN KEY (`sender_user_id`) REFERENCES `users` (`id`) ON DELETE RESTRICT,
  CONSTRAINT `fk_messages_ticket` FOREIGN KEY (`ticket_id`) REFERENCES `tickets` (`id`) ON DELETE CASCADE
) ENGINE=InnoDB DEFAULT CHARSET=utf8mb4 COLLATE=utf8mb4_unicode_ci;
/*!40101 SET character_set_client = @saved_cs_client */;

--
-- Dumping data for table `ticket_messages`
--

LOCK TABLES `ticket_messages` WRITE;
/*!40000 ALTER TABLE `ticket_messages` DISABLE KEYS */;
INSERT INTO `ticket_messages` VALUES ('01dbbe26-1aea-4758-84b8-a6e6b6471bb1','4da3f6a0-7f0c-4307-800b-5a4a91e18e5a','agent','a502f783-3c0e-466a-99d2-5bc8cec26028','hi','2026-02-24 09:28:39'),('055cbb74-6a0c-4800-bc7f-92592a319d84','d98f8a91-dbd9-41fc-800b-97634944f695','agent','a502f783-3c0e-466a-99d2-5bc8cec26028','hi','2026-02-19 12:07:44'),('0bb99f03-3fc2-4263-9179-c52dbd8f6170','d98f8a91-dbd9-41fc-800b-97634944f695','agent','a502f783-3c0e-466a-99d2-5bc8cec26028','hi','2026-02-19 12:09:22'),('0c4c8add-a2a4-46cc-b794-2250e89b70a2','4da3f6a0-7f0c-4307-800b-5a4a91e18e5a','customer','37c05357-eed9-4154-8a51-94ff19022465','hi','2026-02-18 09:08:17'),('0d34ba34-9f8b-40a2-af64-6785b5f1f3a7','bf855668-4349-47dd-8183-17da606a8454','customer','4f1858a2-e7f3-49e1-84c8-658506cad47f','hi i need support','2026-03-17 04:19:15'),('0dd50113-4e4d-4d85-868a-417ac330b7f7','4da3f6a0-7f0c-4307-800b-5a4a91e18e5a','agent','a502f783-3c0e-466a-99d2-5bc8cec26028','this is a new message','2026-02-20 09:53:37'),('160c208a-412d-4d24-9b22-006a5f6981e8','a50912d5-c9c8-462d-b5b8-0e24a9cbb97e','admin','fab5d923-a0b6-4106-ab95-495aedf840fd','that would cost you $100 is it ok','2026-03-17 06:52:32'),('1709c2c4-11fb-4ecd-9a03-a5c996b3cf91','d98f8a91-dbd9-41fc-800b-97634944f695','admin','fab5d923-a0b6-4106-ab95-495aedf840fd','this is  a test message','2026-02-19 12:10:01'),('18bce225-6fcc-4684-9b13-bce5a31e5e05','4da3f6a0-7f0c-4307-800b-5a4a91e18e5a','customer','37c05357-eed9-4154-8a51-94ff19022465','hi','2026-02-18 08:40:23'),('1ddd964c-854c-4ee5-a4cd-e37b671bd5f3','4da3f6a0-7f0c-4307-800b-5a4a91e18e5a','customer','37c05357-eed9-4154-8a51-94ff19022465','this is a test message','2026-02-20 15:21:30'),('20e4058c-2a44-4a14-a5f3-b18067cbf0fc','4da3f6a0-7f0c-4307-800b-5a4a91e18e5a','customer','37c05357-eed9-4154-8a51-94ff19022465','hi','2026-02-18 08:47:51'),('20fabb6e-c6d0-43f4-8486-6fc829311169','4da3f6a0-7f0c-4307-800b-5a4a91e18e5a','customer','37c05357-eed9-4154-8a51-94ff19022465','hi','2026-02-18 08:40:32'),('24e86539-51d2-4eae-9cb6-84256799f81e','e74b09eb-b110-41e2-a41b-404900e2df45','agent','a502f783-3c0e-466a-99d2-5bc8cec26028','how can i assist you today','2026-03-11 10:46:58'),('24fe616d-6918-486e-b640-cf5e93b76bb0','4da3f6a0-7f0c-4307-800b-5a4a91e18e5a','customer','37c05357-eed9-4154-8a51-94ff19022465','hi','2026-02-18 08:48:48'),('2fb94d12-6ca5-460b-a115-34e3626077ad','4da3f6a0-7f0c-4307-800b-5a4a91e18e5a','customer','37c05357-eed9-4154-8a51-94ff19022465','hi','2026-02-18 09:06:44'),('3043e753-d59c-46dd-b88e-caa2661b67cb','a50912d5-c9c8-462d-b5b8-0e24a9cbb97e','customer','4f1858a2-e7f3-49e1-84c8-658506cad47f','my entire server is crashing very often i want a full server rework','2026-03-17 06:52:04'),('30efe230-5cd5-4a77-8fcb-8ce563ec729f','4da3f6a0-7f0c-4307-800b-5a4a91e18e5a','agent','a502f783-3c0e-466a-99d2-5bc8cec26028','hello','2026-02-24 11:10:53'),('323f45e3-5ed6-40a5-8b60-5caf498c4bc6','1af75b4b-2c73-447f-836c-3bbb1f0be906','agent','a502f783-3c0e-466a-99d2-5bc8cec26028','hi','2026-03-11 05:54:23'),('34bc8c63-d051-4fcc-b696-46aa9c40cfda','d98f8a91-dbd9-41fc-800b-97634944f695','admin','fab5d923-a0b6-4106-ab95-495aedf840fd','hi','2026-02-19 12:07:39'),('39ff2c10-efa3-46cc-8068-6bc8c72b709d','4da3f6a0-7f0c-4307-800b-5a4a91e18e5a','customer','37c05357-eed9-4154-8a51-94ff19022465','hi','2026-02-24 10:13:56'),('4019bebc-4ed4-4dca-99e5-c07e161e41ca','1af75b4b-2c73-447f-836c-3bbb1f0be906','customer','37c05357-eed9-4154-8a51-94ff19022465','can you please provide me a solution for this problem','2026-03-11 05:54:43'),('4082e34d-b5a2-4e2a-b660-e3a9bdba9059','4da3f6a0-7f0c-4307-800b-5a4a91e18e5a','customer','37c05357-eed9-4154-8a51-94ff19022465','hi','2026-02-18 08:52:16'),('45ddef26-d418-4905-bc9d-876cd85fef17','4da3f6a0-7f0c-4307-800b-5a4a91e18e5a','agent','a502f783-3c0e-466a-99d2-5bc8cec26028','this is a new message','2026-02-20 09:51:38'),('46c08cf4-1fb4-44d0-bc20-a58e064a3627','cadacc10-e9c9-401c-aca2-18308dc72de8','customer','4f1858a2-e7f3-49e1-84c8-658506cad47f','give me link','2026-03-13 07:05:14'),('4811bebb-fb36-426f-8361-328a3fda6483','83e20aa4-1bba-4d83-b635-0e3b9df9f1a6','customer','4f1858a2-e7f3-49e1-84c8-658506cad47f','yes','2026-03-17 05:40:14'),('4881e807-faf3-44bd-a3e7-7c7093c2101b','3e6bf8f5-158c-4f23-b2c7-c4e6b00efa0a','customer','37c05357-eed9-4154-8a51-94ff19022465','hi','2026-03-03 05:56:39'),('4db58969-fa43-4d3a-ac01-e2ed220fe15c','4da3f6a0-7f0c-4307-800b-5a4a91e18e5a','customer','37c05357-eed9-4154-8a51-94ff19022465','this is a test message','2026-02-24 10:27:29'),('4dba796c-a5b4-4b58-a0df-8d6dc39ed616','354b4dce-0ced-4233-8a4f-176ab95710cf','customer','4f1858a2-e7f3-49e1-84c8-658506cad47f','hi','2026-03-17 09:29:41'),('4dd20c05-9efc-4fae-b432-43977651c6fc','1af75b4b-2c73-447f-836c-3bbb1f0be906','customer','37c05357-eed9-4154-8a51-94ff19022465','i want to connect through video','2026-03-11 05:54:58'),('512b46e8-4cb3-47dd-8fe7-edcbb62d0983','e74b09eb-b110-41e2-a41b-404900e2df45','customer','12f99a44-4ab0-4df3-954c-d3c90b80d897','hi','2026-03-11 10:43:42'),('52680ae5-4b84-4265-a8cb-bfa5a232490c','4b11c334-6b8c-4b06-87e0-232c3702ea67','agent','a502f783-3c0e-466a-99d2-5bc8cec26028','please make payment','2026-03-16 07:09:29'),('553e8707-eecc-4de4-b1dc-c8c6290f4e33','4da3f6a0-7f0c-4307-800b-5a4a91e18e5a','agent','a502f783-3c0e-466a-99d2-5bc8cec26028','hello','2026-02-20 14:35:03'),('560df0dd-b2c6-454a-b023-675514caff69','4da3f6a0-7f0c-4307-800b-5a4a91e18e5a','agent','a502f783-3c0e-466a-99d2-5bc8cec26028','hi','2026-02-24 10:13:32'),('5932264d-5ed0-473d-a56c-d0c78884dc4d','83e20aa4-1bba-4d83-b635-0e3b9df9f1a6','customer','4f1858a2-e7f3-49e1-84c8-658506cad47f','i have a server wide crash issue','2026-03-17 05:40:29'),('5edc99bd-4f63-430d-8799-fe277ba2f3fa','cadacc10-e9c9-401c-aca2-18308dc72de8','agent','a502f783-3c0e-466a-99d2-5bc8cec26028','please check your right side bar which has the payment functionality','2026-03-13 07:05:37'),('5f846981-bd83-484d-8deb-0db3dd31b2d8','4da3f6a0-7f0c-4307-800b-5a4a91e18e5a','agent','a502f783-3c0e-466a-99d2-5bc8cec26028','hi','2026-02-24 10:23:54'),('66159c99-66dc-4e7d-bddb-38968c632583','99de0dab-9b67-4c80-9301-0c294ac39a48','customer','2eb766ea-b4fa-4614-abb4-1248ea395a19','hi','2026-03-11 06:09:26'),('69262bfe-2b59-4453-a0db-e3fa06826f8d','a6849598-654a-4970-a502-79aaf6485e55','agent','a502f783-3c0e-466a-99d2-5bc8cec26028','this is a test message','2026-03-03 11:58:56'),('69b43032-edec-4976-9572-5185b1962175','4da3f6a0-7f0c-4307-800b-5a4a91e18e5a','agent','a502f783-3c0e-466a-99d2-5bc8cec26028','this is a test message','2026-02-24 10:27:18'),('6bf8860e-e49e-4229-8d8d-188801411781','4da3f6a0-7f0c-4307-800b-5a4a91e18e5a','agent','a502f783-3c0e-466a-99d2-5bc8cec26028','hi','2026-02-24 10:23:37'),('6d590fb6-79f8-448d-b5bd-e6ed1127d922','a6849598-654a-4970-a502-79aaf6485e55','customer','c3926061-a464-4a83-9223-f66278ab8910','this is a new text','2026-03-03 11:07:37'),('6f01aaf5-cecf-456d-ba00-fa624607d4c7','e74b09eb-b110-41e2-a41b-404900e2df45','agent','a502f783-3c0e-466a-99d2-5bc8cec26028','can you please share your screen','2026-03-11 10:48:39'),('7036e4b0-13b2-411a-bb86-ab87a4ec9ef6','bf855668-4349-47dd-8183-17da606a8454','customer','4f1858a2-e7f3-49e1-84c8-658506cad47f','can you please connect','2026-03-17 04:19:27'),('709420f9-a64c-442f-94ad-414e7054dc4e','4da3f6a0-7f0c-4307-800b-5a4a91e18e5a','customer','37c05357-eed9-4154-8a51-94ff19022465','hi','2026-02-24 10:24:00'),('72c33239-541f-4571-aa98-d04b17f2ae73','4da3f6a0-7f0c-4307-800b-5a4a91e18e5a','agent','a502f783-3c0e-466a-99d2-5bc8cec26028','this is another message','2026-02-24 11:03:40'),('7b30c726-8848-4ada-b155-cf09c945d885','4da3f6a0-7f0c-4307-800b-5a4a91e18e5a','customer','37c05357-eed9-4154-8a51-94ff19022465','hi','2026-02-18 08:54:17'),('7b40fe70-f80d-4f42-a4e2-f74ead0f2b6f','4da3f6a0-7f0c-4307-800b-5a4a91e18e5a','agent','a502f783-3c0e-466a-99d2-5bc8cec26028','hey','2026-02-20 15:20:46'),('7c179078-bc0f-433f-b363-1ca2a6e31cc5','e74b09eb-b110-41e2-a41b-404900e2df45','agent','a502f783-3c0e-466a-99d2-5bc8cec26028','ok','2026-03-11 10:49:52'),('7ffd7d03-bb9d-416d-9d19-c8fad9f645e5','4da3f6a0-7f0c-4307-800b-5a4a91e18e5a','customer','37c05357-eed9-4154-8a51-94ff19022465','this is a new message','2026-03-02 11:52:50'),('81b5f3f2-6ad5-490a-9fc2-d07e297503c4','4da3f6a0-7f0c-4307-800b-5a4a91e18e5a','agent','a502f783-3c0e-466a-99d2-5bc8cec26028','this is a message','2026-02-24 11:04:11'),('85b53170-ca22-4e2d-b829-8db78fd06555','a6849598-654a-4970-a502-79aaf6485e55','customer','c3926061-a464-4a83-9223-f66278ab8910','this is a test message','2026-03-03 09:51:57'),('85c19f18-686a-40a7-a8fd-1e7ffab56b47','425d0e20-34ec-4255-a8e9-156157d724aa','customer','c3926061-a464-4a83-9223-f66278ab8910','hi','2026-03-03 12:24:58'),('9248b9a5-3db2-4c1a-86e4-7f8047960616','4da3f6a0-7f0c-4307-800b-5a4a91e18e5a','customer','37c05357-eed9-4154-8a51-94ff19022465','hello','2026-02-20 14:39:20'),('93c5f899-6e4a-4f9b-9431-cd1012120fa0','e74b09eb-b110-41e2-a41b-404900e2df45','customer','12f99a44-4ab0-4df3-954c-d3c90b80d897','thank you the issue has been resolved','2026-03-11 10:49:38'),('9495e41f-9282-4cab-beee-37a0fd46a91d','4da3f6a0-7f0c-4307-800b-5a4a91e18e5a','customer','37c05357-eed9-4154-8a51-94ff19022465','hi','2026-02-18 09:07:19'),('949dd22d-3114-44f7-92d6-93f27b55b269','4da3f6a0-7f0c-4307-800b-5a4a91e18e5a','customer','37c05357-eed9-4154-8a51-94ff19022465','hi','2026-02-24 10:23:44'),('95b6177e-9811-4835-b199-dd0ae99cbe01','6e755938-36db-4be2-9e19-d91cdb37a0c6','agent','a502f783-3c0e-466a-99d2-5bc8cec26028','please make a relevant payment for your issue','2026-03-13 06:42:58'),('9668d840-6ebc-487e-8c87-0db41a4d65a6','e74b09eb-b110-41e2-a41b-404900e2df45','customer','12f99a44-4ab0-4df3-954c-d3c90b80d897','i need help!!!','2026-03-11 10:44:02'),('966cd8e2-e2a2-42d5-9b4b-e048843d5767','4da3f6a0-7f0c-4307-800b-5a4a91e18e5a','customer','37c05357-eed9-4154-8a51-94ff19022465','hi','2026-02-18 08:49:22'),('971ce8ac-1ef0-4ce9-8652-331723a37ae9','1af75b4b-2c73-447f-836c-3bbb1f0be906','customer','37c05357-eed9-4154-8a51-94ff19022465','hi','2026-03-11 05:10:26'),('98d1e326-8916-4a6d-810a-fb6b724c3ea2','4da3f6a0-7f0c-4307-800b-5a4a91e18e5a','customer','37c05357-eed9-4154-8a51-94ff19022465','this is a message','2026-02-24 11:03:51'),('98ecdc8c-0661-4b42-9a1e-9d49ef04bd2f','4da3f6a0-7f0c-4307-800b-5a4a91e18e5a','customer','37c05357-eed9-4154-8a51-94ff19022465','hi','2026-02-18 08:53:58'),('9dec1144-15d0-4ee1-8691-ee3b3f3aa3f9','4da3f6a0-7f0c-4307-800b-5a4a91e18e5a','customer','37c05357-eed9-4154-8a51-94ff19022465','hi','2026-02-18 08:50:27'),('9ec2ca88-3ad6-4fee-87eb-993ae2973026','e74b09eb-b110-41e2-a41b-404900e2df45','customer','12f99a44-4ab0-4df3-954c-d3c90b80d897','can you connect through video','2026-03-11 10:47:16'),('9f2bfc27-4f62-4b9b-8f02-4ca6992cb0a8','4da3f6a0-7f0c-4307-800b-5a4a91e18e5a','customer','37c05357-eed9-4154-8a51-94ff19022465','hi','2026-03-02 12:33:28'),('a02735f2-b827-4d56-a926-9ad2bdad08be','4da3f6a0-7f0c-4307-800b-5a4a91e18e5a','customer','37c05357-eed9-4154-8a51-94ff19022465','hi','2026-02-24 09:28:50'),('a0498dab-bd93-4a6c-8bc1-fb6e32e8b421','4da3f6a0-7f0c-4307-800b-5a4a91e18e5a','customer','37c05357-eed9-4154-8a51-94ff19022465','hi','2026-03-02 13:15:49'),('a566b01b-939c-42a0-afb1-d2da299166fc','a6849598-654a-4970-a502-79aaf6485e55','agent','a502f783-3c0e-466a-99d2-5bc8cec26028','this is a test message','2026-03-03 09:55:08'),('a5dc787c-91c5-4fb8-a205-35bcd2a9c00c','99de0dab-9b67-4c80-9301-0c294ac39a48','customer','2eb766ea-b4fa-4614-abb4-1248ea395a19','i need support','2026-03-11 06:09:36'),('a7726faa-94d7-4a7a-a04a-c5ecbbd3a4cc','4da3f6a0-7f0c-4307-800b-5a4a91e18e5a','agent','a502f783-3c0e-466a-99d2-5bc8cec26028','any issues on the console','2026-03-02 13:15:44'),('b26b7954-68dc-4b58-8344-4a43e29cfe15','a50912d5-c9c8-462d-b5b8-0e24a9cbb97e','admin','fab5d923-a0b6-4106-ab95-495aedf840fd','what seems to be the issue','2026-03-17 06:50:48'),('b3142462-5556-4c68-8822-1d947f6bd612','d98f8a91-dbd9-41fc-800b-97634944f695','agent','a502f783-3c0e-466a-99d2-5bc8cec26028','hi','2026-02-19 12:05:45'),('b46eb739-94f2-473a-83fb-e4072b64ef71','4da3f6a0-7f0c-4307-800b-5a4a91e18e5a','agent','a502f783-3c0e-466a-99d2-5bc8cec26028','hi','2026-03-02 12:34:17'),('b60e00ed-df8c-44d0-bb18-6e05e23f3d6a','99de0dab-9b67-4c80-9301-0c294ac39a48','agent','a502f783-3c0e-466a-99d2-5bc8cec26028','can you please explain more clearly','2026-03-11 10:24:56'),('b88d2982-48d8-4628-a351-8a8c0ce42308','4da3f6a0-7f0c-4307-800b-5a4a91e18e5a','agent','a502f783-3c0e-466a-99d2-5bc8cec26028','this is a new message','2026-03-02 11:52:35'),('ba722cb6-4fd5-4300-bae1-d08428d85094','cadacc10-e9c9-401c-aca2-18308dc72de8','agent','a502f783-3c0e-466a-99d2-5bc8cec26028','please make payment','2026-03-13 07:05:08'),('bccfa8b5-950a-4ac0-9ec5-c5f409c1f585','1af75b4b-2c73-447f-836c-3bbb1f0be906','agent','a502f783-3c0e-466a-99d2-5bc8cec26028','hi','2026-03-11 05:57:44'),('be7661d6-b7b4-4283-9804-5ab3af1fc6fa','4da3f6a0-7f0c-4307-800b-5a4a91e18e5a','customer','37c05357-eed9-4154-8a51-94ff19022465','this is the final test messsage','2026-02-18 09:08:44'),('c2d69086-164a-4c02-9bf5-f0b5c2d818d9','d98f8a91-dbd9-41fc-800b-97634944f695','admin','fab5d923-a0b6-4106-ab95-495aedf840fd','hi','2026-02-19 12:07:15'),('c331a427-5270-45b2-b992-fb2db0794a13','3e6bf8f5-158c-4f23-b2c7-c4e6b00efa0a','agent','a502f783-3c0e-466a-99d2-5bc8cec26028','hi','2026-03-03 06:04:47'),('c5428eb9-6b9b-4e05-86bb-a36fd64f9072','4da3f6a0-7f0c-4307-800b-5a4a91e18e5a','customer','37c05357-eed9-4154-8a51-94ff19022465','hi','2026-02-18 08:53:35'),('cacca77a-236c-45bf-8bed-2b506b1de822','a50912d5-c9c8-462d-b5b8-0e24a9cbb97e','admin','fab5d923-a0b6-4106-ab95-495aedf840fd','please refresh to view the updated quote','2026-03-17 06:54:56'),('cc1a89d8-6ad2-4027-8333-5555da2ea6df','6e755938-36db-4be2-9e19-d91cdb37a0c6','agent','a502f783-3c0e-466a-99d2-5bc8cec26028','hi','2026-03-13 06:42:29'),('cf15910e-21d6-4c43-8ba4-bd8bf3a0128a','6e755938-36db-4be2-9e19-d91cdb37a0c6','customer','ed78bfbe-03b9-408b-8efb-d7c59209a6a6','hi i want a resolution for my issue','2026-03-13 06:42:41'),('d03ee3fb-6c0c-4cb0-abd5-c996da892190','cadacc10-e9c9-401c-aca2-18308dc72de8','customer','4f1858a2-e7f3-49e1-84c8-658506cad47f','hi','2026-03-13 07:02:39'),('d7c5a413-14d6-4b10-8de4-94089e9454f6','83e20aa4-1bba-4d83-b635-0e3b9df9f1a6','agent','a502f783-3c0e-466a-99d2-5bc8cec26028','what is the issue precisely','2026-03-17 05:41:20'),('d98f8e74-3b9a-4b6d-9d2c-d15547bbd229','4da3f6a0-7f0c-4307-800b-5a4a91e18e5a','customer','37c05357-eed9-4154-8a51-94ff19022465','hi','2026-02-18 08:54:04'),('de72f3cd-04f4-4d6d-b120-318f89380091','a6849598-654a-4970-a502-79aaf6485e55','agent','a502f783-3c0e-466a-99d2-5bc8cec26028','this is a test message','2026-03-03 09:50:53'),('df66e7f8-ca39-460a-9467-c3fe10e486f8','a50912d5-c9c8-462d-b5b8-0e24a9cbb97e','customer','4f1858a2-e7f3-49e1-84c8-658506cad47f','this amount feels like much can you please reduce the quote','2026-03-17 06:54:32'),('dfe2d7a0-dd3d-4775-8abb-e496d54ffcb5','4da3f6a0-7f0c-4307-800b-5a4a91e18e5a','customer','37c05357-eed9-4154-8a51-94ff19022465','this is a reply message','2026-02-20 09:52:00'),('e2d8271d-a847-4216-a697-4970e70f04b3','a6849598-654a-4970-a502-79aaf6485e55','agent','a502f783-3c0e-466a-99d2-5bc8cec26028','please request video','2026-03-03 11:35:53'),('e3817c4d-c705-4525-806d-e736ed4e8b82','4da3f6a0-7f0c-4307-800b-5a4a91e18e5a','customer','37c05357-eed9-4154-8a51-94ff19022465','this is a test message','2026-03-02 12:34:27'),('eaad37ca-e369-4ce6-9759-27d2ed1831b6','a6849598-654a-4970-a502-79aaf6485e55','agent','a502f783-3c0e-466a-99d2-5bc8cec26028','hello','2026-03-03 09:56:26'),('eb5ada7f-4562-478b-a515-745f2bb8d2eb','a6849598-654a-4970-a502-79aaf6485e55','agent','a502f783-3c0e-466a-99d2-5bc8cec26028','this is a new text','2026-03-03 11:07:49'),('edb80c5e-da5f-481a-8e17-f8c752994e09','83e20aa4-1bba-4d83-b635-0e3b9df9f1a6','admin','fab5d923-a0b6-4106-ab95-495aedf840fd','hi what seems to be your issue','2026-03-17 05:39:50'),('f4b9182a-b1dc-447c-8418-23cc1c2f9e2a','4da3f6a0-7f0c-4307-800b-5a4a91e18e5a','agent','a502f783-3c0e-466a-99d2-5bc8cec26028','hey','2026-02-20 14:38:44'),('f8938462-68b4-4117-875f-f5df95017f44','a50912d5-c9c8-462d-b5b8-0e24a9cbb97e','customer','4f1858a2-e7f3-49e1-84c8-658506cad47f','yes i am fine with that','2026-03-17 06:52:42'),('ffd1f8ab-41ed-4c90-9ff4-870e8fca5b19','4da3f6a0-7f0c-4307-800b-5a4a91e18e5a','customer','37c05357-eed9-4154-8a51-94ff19022465','hi','2026-02-18 08:40:13'),('fff1716e-b1af-4f11-8709-3915c05add2c','4b11c334-6b8c-4b06-87e0-232c3702ea67','customer','ed78bfbe-03b9-408b-8efb-d7c59209a6a6','hi i need support','2026-03-16 07:09:10');
/*!40000 ALTER TABLE `ticket_messages` ENABLE KEYS */;
UNLOCK TABLES;

--
-- Table structure for table `ticket_quotes`
--

DROP TABLE IF EXISTS `ticket_quotes`;
/*!40101 SET @saved_cs_client     = @@character_set_client */;
/*!50503 SET character_set_client = utf8mb4 */;
CREATE TABLE `ticket_quotes` (
  `id` char(36) COLLATE utf8mb4_unicode_ci NOT NULL,
  `ticket_id` char(36) COLLATE utf8mb4_unicode_ci NOT NULL,
  `quoted_by_user_id` char(36) COLLATE utf8mb4_unicode_ci NOT NULL,
  `amount` int NOT NULL,
  `currency` varchar(3) COLLATE utf8mb4_unicode_ci NOT NULL DEFAULT 'USD',
  `note` text COLLATE utf8mb4_unicode_ci,
  `created_at` timestamp NOT NULL DEFAULT CURRENT_TIMESTAMP,
  `updated_at` timestamp NOT NULL DEFAULT CURRENT_TIMESTAMP ON UPDATE CURRENT_TIMESTAMP,
  PRIMARY KEY (`id`),
  UNIQUE KEY `uq_ticket_quotes_ticket` (`ticket_id`),
  KEY `idx_ticket_quotes_ticket` (`ticket_id`),
  KEY `idx_ticket_quotes_quoted_by` (`quoted_by_user_id`),
  CONSTRAINT `fk_ticket_quotes_quoted_by` FOREIGN KEY (`quoted_by_user_id`) REFERENCES `users` (`id`) ON DELETE RESTRICT,
  CONSTRAINT `fk_ticket_quotes_ticket` FOREIGN KEY (`ticket_id`) REFERENCES `tickets` (`id`) ON DELETE CASCADE
) ENGINE=InnoDB DEFAULT CHARSET=utf8mb4 COLLATE=utf8mb4_unicode_ci;
/*!40101 SET character_set_client = @saved_cs_client */;

--
-- Dumping data for table `ticket_quotes`
--

LOCK TABLES `ticket_quotes` WRITE;
/*!40000 ALTER TABLE `ticket_quotes` DISABLE KEYS */;
INSERT INTO `ticket_quotes` VALUES ('71a01913-4d34-4847-947e-d58588e837f0','354b4dce-0ced-4233-8a4f-176ab95710cf','fab5d923-a0b6-4106-ab95-495aedf840fd',10000,'USD','this is the quote amount','2026-03-17 07:16:44','2026-03-17 07:16:44'),('b7264adb-0f20-4b9e-b9ab-a829a4abbfde','a50912d5-c9c8-462d-b5b8-0e24a9cbb97e','fab5d923-a0b6-4106-ab95-495aedf840fd',80000,'INR','this is for full server rework','2026-03-17 06:53:14','2026-03-17 06:54:43');
/*!40000 ALTER TABLE `ticket_quotes` ENABLE KEYS */;
UNLOCK TABLES;

--
-- Table structure for table `tickets`
--

DROP TABLE IF EXISTS `tickets`;
/*!40101 SET @saved_cs_client     = @@character_set_client */;
/*!50503 SET character_set_client = utf8mb4 */;
CREATE TABLE `tickets` (
  `id` char(36) COLLATE utf8mb4_unicode_ci NOT NULL,
  `account_id` char(36) COLLATE utf8mb4_unicode_ci NOT NULL,
  `created_by_user_id` char(36) COLLATE utf8mb4_unicode_ci NOT NULL,
  `assigned_agent_id` char(36) COLLATE utf8mb4_unicode_ci DEFAULT NULL,
  `status` varchar(32) COLLATE utf8mb4_unicode_ci NOT NULL DEFAULT 'open',
  `priority` varchar(16) COLLATE utf8mb4_unicode_ci NOT NULL DEFAULT 'medium',
  `category` varchar(64) COLLATE utf8mb4_unicode_ci DEFAULT NULL,
  `subject` varchar(255) COLLATE utf8mb4_unicode_ci NOT NULL,
  `description` text COLLATE utf8mb4_unicode_ci,
  `external_source` varchar(32) COLLATE utf8mb4_unicode_ci NOT NULL DEFAULT 'direct',
  `external_session_id` varchar(128) COLLATE utf8mb4_unicode_ci DEFAULT NULL,
  `incident_type_selected` varchar(64) COLLATE utf8mb4_unicode_ci DEFAULT NULL,
  `resolution_incident_type` varchar(64) COLLATE utf8mb4_unicode_ci DEFAULT NULL,
  `created_at` timestamp NOT NULL DEFAULT CURRENT_TIMESTAMP,
  `updated_at` timestamp NOT NULL DEFAULT CURRENT_TIMESTAMP ON UPDATE CURRENT_TIMESTAMP,
  PRIMARY KEY (`id`),
  KEY `idx_tickets_account` (`account_id`),
  KEY `idx_tickets_created_by` (`created_by_user_id`),
  KEY `idx_tickets_assigned_agent` (`assigned_agent_id`),
  KEY `idx_tickets_status` (`status`),
  CONSTRAINT `fk_tickets_account` FOREIGN KEY (`account_id`) REFERENCES `accounts` (`id`) ON DELETE CASCADE,
  CONSTRAINT `fk_tickets_assigned_agent` FOREIGN KEY (`assigned_agent_id`) REFERENCES `users` (`id`) ON DELETE SET NULL,
  CONSTRAINT `fk_tickets_created_by` FOREIGN KEY (`created_by_user_id`) REFERENCES `users` (`id`) ON DELETE RESTRICT
) ENGINE=InnoDB DEFAULT CHARSET=utf8mb4 COLLATE=utf8mb4_unicode_ci;
/*!40101 SET character_set_client = @saved_cs_client */;

--
-- Dumping data for table `tickets`
--

LOCK TABLES `tickets` WRITE;
/*!40000 ALTER TABLE `tickets` DISABLE KEYS */;
INSERT INTO `tickets` VALUES ('06c08ecb-9785-4c0b-9c1a-d01408a86d45','47bf0ed4-c630-4fec-88e9-d5aa94836b98','4f1858a2-e7f3-49e1-84c8-658506cad47f',NULL,'open','medium','technical','clean malware','i want to clean my operating system clear of all the malware','direct',NULL,'password_reset',NULL,'2026-03-17 05:07:19','2026-03-17 05:07:28'),('11d71a72-923d-4dc7-976c-f5a17848d1cf','47bf0ed4-c630-4fec-88e9-d5aa94836b98','2533e2bd-c8d2-40b6-9635-ddf222d4d207',NULL,'open','medium','technical','Malware cleanup request',NULL,'direct',NULL,'malware_cleanup',NULL,'2026-03-16 11:49:32','2026-03-16 11:49:32'),('18e285e1-3679-4e95-9552-7a5752bec1ef','5066a58b-6783-4bf3-a056-432d3c1c4f75','12f99a44-4ab0-4df3-954c-d3c90b80d897',NULL,'open','high','technical','Printer troubleshooting request',NULL,'direct',NULL,'printer_troubleshooting',NULL,'2026-03-18 04:49:39','2026-03-18 06:09:34'),('1af75b4b-2c73-447f-836c-3bbb1f0be906','d3eb762a-011d-4a04-87ac-f08f0818beea','37c05357-eed9-4154-8a51-94ff19022465','a502f783-3c0e-466a-99d2-5bc8cec26028','in_progress','medium','technical','General Support request',NULL,'direct',NULL,'technical',NULL,'2026-03-11 05:08:37','2026-03-11 05:11:13'),('2869f0c1-e7c9-4d3d-93d5-fed5df145569','47bf0ed4-c630-4fec-88e9-d5aa94836b98','2533e2bd-c8d2-40b6-9635-ddf222d4d207',NULL,'open','medium',NULL,'Brake noise issue','Customer reports squealing at low speed','elscribe','pm_test_session_003',NULL,NULL,'2026-02-13 09:52:15','2026-02-13 09:52:15'),('2f86bc66-b308-4802-88c9-ac4bd34b8612','26cde980-e168-456e-87f5-816be5b00111','ed78bfbe-03b9-408b-8efb-d7c59209a6a6','a502f783-3c0e-466a-99d2-5bc8cec26028','in_progress','medium','technical','Server repair request',NULL,'direct',NULL,'server_repair',NULL,'2026-03-17 11:46:19','2026-03-17 11:46:33'),('2fb91762-752c-42bc-966e-aeb73eb90744','4d45bfbd-2584-4280-aef1-97036bc4139e','fab5d923-a0b6-4106-ab95-495aedf840fd',NULL,'open','medium',NULL,'Brake noise issue','Customer reports squealing at low speed','elscribe','pm_test_session_001',NULL,NULL,'2026-02-13 09:24:14','2026-02-13 09:44:56'),('31d75752-16ce-4530-9bd7-262971372417','47bf0ed4-c630-4fec-88e9-d5aa94836b98','4f1858a2-e7f3-49e1-84c8-658506cad47f',NULL,'open','medium','account','i want to reset my password','i am locked out of my computer','direct',NULL,'password_reset',NULL,'2026-03-17 06:34:41','2026-03-17 06:34:41'),('32ec3ff9-5a75-4f29-a895-ec986c6f4cd1','47bf0ed4-c630-4fec-88e9-d5aa94836b98','4f1858a2-e7f3-49e1-84c8-658506cad47f',NULL,'open','medium',NULL,'Printer troubleshooting request',NULL,'direct',NULL,'printer_troubleshooting',NULL,'2026-03-17 06:38:36','2026-03-17 06:38:49'),('354b4dce-0ced-4233-8a4f-176ab95710cf','47bf0ed4-c630-4fec-88e9-d5aa94836b98','4f1858a2-e7f3-49e1-84c8-658506cad47f',NULL,'open','medium','technical','Server repair request currency','this is to test the currency in the quote','direct',NULL,'server_repair',NULL,'2026-03-17 07:15:00','2026-03-17 07:15:00'),('3e6bf8f5-158c-4f23-b2c7-c4e6b00efa0a','d3eb762a-011d-4a04-87ac-f08f0818beea','37c05357-eed9-4154-8a51-94ff19022465','a502f783-3c0e-466a-99d2-5bc8cec26028','closed','medium',NULL,'Brake noise issue','Customer reports squealing at low speed','elscribe','pm_test_session_004','technical',NULL,'2026-03-03 05:53:17','2026-03-03 06:06:41'),('41b61f64-695a-4f6e-9c33-b5c2bd7bd9a9','8783dbc2-f8f9-421a-a130-3716fa4afc24','8436076b-870a-43a3-8cc6-b7cb3091482b',NULL,'open','medium','technical','Server repair request',NULL,'direct',NULL,'server_repair',NULL,'2026-03-17 11:56:11','2026-03-17 11:56:11'),('425d0e20-34ec-4255-a8e9-156157d724aa','97d2d9d5-a25d-49a2-a73e-27376f1718b1','c3926061-a464-4a83-9223-f66278ab8910','a502f783-3c0e-466a-99d2-5bc8cec26028','open','medium',NULL,'windows boot-up issue new','Customer reports blue screen when booting pc','elscribe','pm_test_session_007','technical',NULL,'2026-03-03 12:23:40','2026-03-03 12:27:10'),('442d4cac-514e-4303-bb96-1be5b130928c','5066a58b-6783-4bf3-a056-432d3c1c4f75','12f99a44-4ab0-4df3-954c-d3c90b80d897','a502f783-3c0e-466a-99d2-5bc8cec26028','in_progress','medium','technical','Software repair / reinstall request',NULL,'direct',NULL,'software_repair_reinstall',NULL,'2026-03-18 06:06:16','2026-03-18 06:07:54'),('4b11c334-6b8c-4b06-87e0-232c3702ea67','26cde980-e168-456e-87f5-816be5b00111','ed78bfbe-03b9-408b-8efb-d7c59209a6a6','a502f783-3c0e-466a-99d2-5bc8cec26028','in_progress','medium','general','General Support request',NULL,'direct',NULL,'technical',NULL,'2026-03-16 06:48:52','2026-03-16 07:11:09'),('4da3f6a0-7f0c-4307-800b-5a4a91e18e5a','d3eb762a-011d-4a04-87ac-f08f0818beea','37c05357-eed9-4154-8a51-94ff19022465','a502f783-3c0e-466a-99d2-5bc8cec26028','resolved','medium','general','this is the second test issue ','this is the test description 2','direct',NULL,'billing',NULL,'2026-02-13 12:26:05','2026-03-02 13:24:30'),('691e134d-83ea-42b3-b9d8-aeb50718f311','26cde980-e168-456e-87f5-816be5b00111','ed78bfbe-03b9-408b-8efb-d7c59209a6a6',NULL,'open','medium','account','password',NULL,'direct',NULL,'password_reset',NULL,'2026-03-17 10:06:47','2026-03-17 10:06:47'),('69a111ae-845c-46cd-b728-6f4980b397e4','c3758e25-3ea8-4efb-aa0f-79684e3ec114','a502f783-3c0e-466a-99d2-5bc8cec26028',NULL,'open','medium',NULL,'windows boot-up issue internal testing','Customer reports blue screen when booting pc','elscribe','pm_test_session_008',NULL,NULL,'2026-03-11 06:05:15','2026-03-11 06:05:36'),('6e755938-36db-4be2-9e19-d91cdb37a0c6','26cde980-e168-456e-87f5-816be5b00111','ed78bfbe-03b9-408b-8efb-d7c59209a6a6','a502f783-3c0e-466a-99d2-5bc8cec26028','waiting_customer','high',NULL,'windows boot-up issue internal testing','Customer reports blue screen when booting pc','elscribe','pm_test_session_009','technical',NULL,'2026-03-11 06:07:15','2026-03-16 07:07:13'),('83e20aa4-1bba-4d83-b635-0e3b9df9f1a6','47bf0ed4-c630-4fec-88e9-d5aa94836b98','4f1858a2-e7f3-49e1-84c8-658506cad47f',NULL,'open','critical','technical','Server repair request',NULL,'direct',NULL,'server_repair',NULL,'2026-03-17 05:10:13','2026-03-17 05:44:19'),('99de0dab-9b67-4c80-9301-0c294ac39a48','3a850079-c1bc-4795-85c3-86b7528c42b3','2eb766ea-b4fa-4614-abb4-1248ea395a19','a502f783-3c0e-466a-99d2-5bc8cec26028','closed','medium',NULL,'windows boot-up issue internal testing','Customer reports blue screen when booting pc','elscribe','pm_test_session_010','technical',NULL,'2026-03-11 06:08:08','2026-03-11 06:38:09'),('a50912d5-c9c8-462d-b5b8-0e24a9cbb97e','47bf0ed4-c630-4fec-88e9-d5aa94836b98','4f1858a2-e7f3-49e1-84c8-658506cad47f','a502f783-3c0e-466a-99d2-5bc8cec26028','in_progress','critical','technical','Server repair request','i want to service my entire server','direct',NULL,'server_repair',NULL,'2026-03-17 06:41:21','2026-03-17 06:56:38'),('a6849598-654a-4970-a502-79aaf6485e55','97d2d9d5-a25d-49a2-a73e-27376f1718b1','c3926061-a464-4a83-9223-f66278ab8910','a502f783-3c0e-466a-99d2-5bc8cec26028','waiting_customer','medium',NULL,'windows boot-up issue new','Customer reports blue screen when booting pc','elscribe','pm_test_session_006','technical',NULL,'2026-03-03 06:17:41','2026-03-03 12:17:46'),('aa476ec4-f90e-4608-8269-66fa948aad6b','26cde980-e168-456e-87f5-816be5b00111','ed78bfbe-03b9-408b-8efb-d7c59209a6a6','a502f783-3c0e-466a-99d2-5bc8cec26028','in_progress','medium','technical','Printer troubleshooting request',NULL,'direct',NULL,'printer_troubleshooting',NULL,'2026-03-17 11:45:17','2026-03-17 11:45:52'),('b100a641-4b03-4f81-8bb7-c867bc5c1eb5','47bf0ed4-c630-4fec-88e9-d5aa94836b98','2533e2bd-c8d2-40b6-9635-ddf222d4d207',NULL,'open','medium',NULL,'Brake noise issue','Customer reports squealing at low speed','elscribe','pm_test_session_002',NULL,NULL,'2026-02-13 09:47:20','2026-02-13 09:47:20'),('b96356b6-4bfe-4746-af16-73a3b777b8d4','97d2d9d5-a25d-49a2-a73e-27376f1718b1','c3926061-a464-4a83-9223-f66278ab8910',NULL,'open','medium',NULL,'windows boot-up issue','Customer reports blue screen when booting pc','elscribe','pm_test_session_005',NULL,NULL,'2026-03-03 06:10:41','2026-03-03 06:11:27'),('bf855668-4349-47dd-8183-17da606a8454','47bf0ed4-c630-4fec-88e9-d5aa94836b98','4f1858a2-e7f3-49e1-84c8-658506cad47f',NULL,'open','medium','account','i want to reset my password','i am using window os which is a home version','direct',NULL,'password_reset',NULL,'2026-03-17 04:18:55','2026-03-17 04:18:55'),('c0df7164-a30f-4f97-92e0-5d2f405ec3e0','26cde980-e168-456e-87f5-816be5b00111','ed78bfbe-03b9-408b-8efb-d7c59209a6a6',NULL,'open','medium','account','this is a payment test ticket',NULL,'direct',NULL,'password_reset',NULL,'2026-03-17 11:08:23','2026-03-17 11:08:23'),('cadacc10-e9c9-401c-aca2-18308dc72de8','51439eaa-08e3-4135-a0bc-ea0ef4c71740','4f1858a2-e7f3-49e1-84c8-658506cad47f','a502f783-3c0e-466a-99d2-5bc8cec26028','closed','high','billing','General Support request','test','direct',NULL,'technical',NULL,'2026-03-13 07:02:29','2026-03-16 07:06:40'),('d4f41550-4d45-4e1a-8a5c-ae699edabd53','8783dbc2-f8f9-421a-a130-3716fa4afc24','8436076b-870a-43a3-8cc6-b7cb3091482b',NULL,'open','medium','technical','Printer troubleshooting request',NULL,'direct',NULL,'printer_troubleshooting',NULL,'2026-03-17 11:55:42','2026-03-17 11:55:42'),('d98f8a91-dbd9-41fc-800b-97634944f695','4d45bfbd-2584-4280-aef1-97036bc4139e','fab5d923-a0b6-4106-ab95-495aedf840fd','a502f783-3c0e-466a-99d2-5bc8cec26028','waiting_customer','medium','general','this is a test ticket ','this is a test ticket description','direct',NULL,NULL,NULL,'2026-02-12 09:08:30','2026-02-20 09:30:45'),('e74b09eb-b110-41e2-a41b-404900e2df45','5066a58b-6783-4bf3-a056-432d3c1c4f75','12f99a44-4ab0-4df3-954c-d3c90b80d897','a502f783-3c0e-466a-99d2-5bc8cec26028','closed','medium',NULL,'windows boot-up issue internal testing','Customer reports blue screen when booting pc','elscribe','pm_test_session_011','general',NULL,'2026-03-11 10:42:36','2026-03-11 10:51:02'),('ee9390dd-2276-4bb6-a590-7ca335e81515','47bf0ed4-c630-4fec-88e9-d5aa94836b98','4f1858a2-e7f3-49e1-84c8-658506cad47f',NULL,'open','medium',NULL,'Printer troubleshooting request',NULL,'direct',NULL,NULL,NULL,'2026-03-17 05:13:44','2026-03-17 05:13:44'),('f2971e67-8e01-4e66-8f4f-5401e11e0d7a','8783dbc2-f8f9-421a-a130-3716fa4afc24','8436076b-870a-43a3-8cc6-b7cb3091482b',NULL,'open','medium','technical','software repair',NULL,'direct',NULL,'software_repair_reinstall',NULL,'2026-03-17 11:56:45','2026-03-17 11:56:45'),('fc358314-8d9a-4a80-924e-e91d23c7e6ee','4d45bfbd-2584-4280-aef1-97036bc4139e','fab5d923-a0b6-4106-ab95-495aedf840fd','a502f783-3c0e-466a-99d2-5bc8cec26028','open','medium','general','this is a new test ticket after socket.io',NULL,'direct',NULL,NULL,NULL,'2026-02-20 09:46:25','2026-02-20 09:47:52');
/*!40000 ALTER TABLE `tickets` ENABLE KEYS */;
UNLOCK TABLES;

--
-- Table structure for table `users`
--

DROP TABLE IF EXISTS `users`;
/*!40101 SET @saved_cs_client     = @@character_set_client */;
/*!50503 SET character_set_client = utf8mb4 */;
CREATE TABLE `users` (
  `id` char(36) COLLATE utf8mb4_unicode_ci NOT NULL,
  `email` varchar(255) COLLATE utf8mb4_unicode_ci NOT NULL,
  `password_hash` varchar(255) COLLATE utf8mb4_unicode_ci NOT NULL,
  `role` varchar(20) COLLATE utf8mb4_unicode_ci NOT NULL DEFAULT 'customer',
  `alias` varchar(64) COLLATE utf8mb4_unicode_ci DEFAULT NULL,
  `created_at` timestamp NOT NULL DEFAULT CURRENT_TIMESTAMP,
  `updated_at` timestamp NOT NULL DEFAULT CURRENT_TIMESTAMP ON UPDATE CURRENT_TIMESTAMP,
  PRIMARY KEY (`id`),
  UNIQUE KEY `uq_users_email` (`email`),
  KEY `idx_users_role` (`role`)
) ENGINE=InnoDB DEFAULT CHARSET=utf8mb4 COLLATE=utf8mb4_unicode_ci;
/*!40101 SET character_set_client = @saved_cs_client */;

--
-- Dumping data for table `users`
--

LOCK TABLES `users` WRITE;
/*!40000 ALTER TABLE `users` DISABLE KEYS */;
INSERT INTO `users` VALUES ('00000000-0000-0000-0000-000000000001','system@elscribe.local','$2a$12$VS11CQdOd.PckRn9SaxmGutVODYCzBZ4U4v5nLNx7jf5tjs7nOsmy','admin',NULL,'2026-02-13 07:02:33','2026-02-13 07:02:33'),('12f99a44-4ab0-4df3-954c-d3c90b80d897','demo.userid@example.com','$2a$12$yY4zPdDpPofIuwfVU1Z62umMQ74RJibJh29t5dJ56LTYveNRfcaFi','customer',NULL,'2026-03-11 10:43:20','2026-03-11 10:43:20'),('2533e2bd-c8d2-40b6-9635-ddf222d4d207','demo.user@example.com','$2a$12$1/6X.FHOYFP886NPMHTo5Od5IgehEhIRakZEnlHHDgtM7bT7.MY7C','customer',NULL,'2026-02-13 09:28:53','2026-02-13 09:28:53'),('2eb766ea-b4fa-4614-abb4-1248ea395a19','demo5.user@example.com','$2a$12$48GUK7X8FeFs9bIvcUYLNOaI/SHvKH6YvDpQtdmWep8iLXzKUgWOS','customer',NULL,'2026-03-11 06:09:04','2026-03-11 06:09:04'),('37c05357-eed9-4154-8a51-94ff19022465','derin@gmail.com','$2a$12$f88WgofmDpFGu9NFPJuJXewFwBONh5UMmTxWltko45qcBRbgFWEeW','customer',NULL,'2026-02-11 11:33:04','2026-02-11 11:33:04'),('4f1858a2-e7f3-49e1-84c8-658506cad47f','demo4.user@example.com','$2a$12$3v2Kn9tvN91fzUh38RZ1kO2wn/J4Qgerk2/v4lDK.hIXLnF9zlNI.','customer',NULL,'2026-03-11 06:07:51','2026-03-11 06:07:51'),('8436076b-870a-43a3-8cc6-b7cb3091482b','demo6.user@example.com','$2a$12$smM/NXYHtHfKmgU1us78u.uFLDp0XsCkPYCoCchEIamKyckdAT.sm','customer',NULL,'2026-03-17 11:55:20','2026-03-17 11:55:20'),('98c0eef5-66ee-403b-a1b3-1ef107f07a17','demo.use@example.com','$2a$12$cOHCmqYOA5Hn1Qz2W1o7Bur2DFNgTB5TreNVDG41f28.6D6vr.iBm','customer',NULL,'2026-02-27 13:27:36','2026-02-27 13:27:36'),('a502f783-3c0e-466a-99d2-5bc8cec26028','derin1@gmail.com','$2a$12$ctFEmVZ3z3t0IamvBiVK8.fxmyHbcq.qO1z9T3Bznd44lQGolt3V2','agent',NULL,'2026-02-11 11:47:41','2026-02-12 09:59:28'),('c3926061-a464-4a83-9223-f66278ab8910','demo2.user@example.com','$2a$12$bC3N96LlBMJIciyG2x.dfulgSMicSJ1xok1k6qmyP6EoIyH.mH/h2','agent',NULL,'2026-03-03 06:11:25','2026-03-13 06:22:50'),('ed78bfbe-03b9-408b-8efb-d7c59209a6a6','demo3.user@example.com','$2a$12$JC/2DnerRBMOQyT/fY6JTeytUc0weODe6jjznL5CV2F.91vIIPXrO','customer',NULL,'2026-03-11 06:06:22','2026-03-11 06:06:22'),('fab5d923-a0b6-4106-ab95-495aedf840fd','derinraceauto@gmail.com','$2a$12$Gzi7j2MY9o.l8nH2dA5dLe/esAquZlWQn/E9vqKfj2DsN6H.t.hIS','admin',NULL,'2026-02-11 09:31:25','2026-02-12 09:57:31');
/*!40000 ALTER TABLE `users` ENABLE KEYS */;
UNLOCK TABLES;
/*!40103 SET TIME_ZONE=@OLD_TIME_ZONE */;

/*!40101 SET SQL_MODE=@OLD_SQL_MODE */;
/*!40014 SET FOREIGN_KEY_CHECKS=@OLD_FOREIGN_KEY_CHECKS */;
/*!40014 SET UNIQUE_CHECKS=@OLD_UNIQUE_CHECKS */;
/*!40101 SET CHARACTER_SET_CLIENT=@OLD_CHARACTER_SET_CLIENT */;
/*!40101 SET CHARACTER_SET_RESULTS=@OLD_CHARACTER_SET_RESULTS */;
/*!40101 SET COLLATION_CONNECTION=@OLD_COLLATION_CONNECTION */;
/*!40111 SET SQL_NOTES=@OLD_SQL_NOTES */;

-- Dump completed on 2026-03-18 11:41:34
